Seller Name,# Depop Followers,# Items Sold,# Reviews,Social Media Link,Depop Store Link,Store Description
@kre8customs,12500.0,1107,612,https://www.instagram.com/kre8.lucy,https://www.depop.com/kre8customs/,"Custom Turnaround time : 3-4 weeks
Worldwide Shipping
Custom Requests Available"
@casualstrainersandclothing,1164.0,887,199,,https://www.depop.com/casualstrainersandclothing/,Sorry for any international postal delays in the last month due to strikes by Royal Mail and Customs staff.
@dedicateddrip,18200.0,1633,965,https://www.instagram.com/dedictdstudio,https://www.depop.com/dedicateddrip/,"We ship worldwide ğŸŒ Allow 6/7 days postage, No refunds"
@viaduct,9250.0,1884,632,,https://www.depop.com/viaduct/,"ğŸ¥· Experts In Deadstock & Vintage Clothing
ğŸ“« Free UK postage on bundles
ğŸ¤ DM For Offers
âœˆï¸ International Shipping"
@wavyting,11500.0,1449,685,https://www.instagram.com/wavyting/,https://www.depop.com/wavyting/,"UK STREETWEAR BRAND

âœ­Worldwide Shipping

âœ­ Message 4 Bundles = Save Â£$â‚¬ 

âœ­ All Sales Final 

âœ­ IG @devontajj"
@payne1968,346.0,539,132,,https://www.depop.com/payne1968/,
@lewkicks_,4238.0,1063,604,https://instagram.com/lewkicks_,https://www.depop.com/lewkicks_/,Provide fast shipping and a well engaging service. All shoes are 100% authentic. Reputable and TRUSTED seller. No Returns.
@albertomunez,915.0,262,112,,https://www.depop.com/albertomunez/,"All products are genuine | Open to Bundle Deals
No Returns âŒ 
Message me if you have any questions 
5 â­ï¸ Reviews"
@rickztp1,2782.0,1265,788,,https://www.depop.com/rickztp1/,"Men's ğŸ‘¨ğŸ½ Women's ğŸ‘©ğŸ½ Kids ğŸ™‹ğŸ½â€â™‚ï¸
No Returns
â›”ï¸No Offers â›”ï¸No Trades â›”ï¸No Time Wasters
European ğŸ‡ªğŸ‡º GlobalShipment ğŸŒ"
@kylealexanderwilson,161.0,80,61,,https://www.depop.com/kylealexanderwilson/,
@amte,3120.0,1042,443,https://airmaxte.com/,https://www.depop.com/amte/,"ğŸŒ Click buy now to purchase 
ğŸŒ Over 1000 sold items !
ğŸŒ Hit me up on insta ! @ airmaxte
ğŸŒ Check out the website â†™ï¸"
@swaggrey96,784.0,54,80,,https://www.depop.com/swaggrey96/,I ship internationally ğŸŒ Selling mostly older pre owned kicks!
@mattarchive,6157.0,621,273,https://www.instagram.com/24s.mm/,https://www.depop.com/mattarchive/,Instalment payment with KLARNA                         Follow @mattarchive2 for girls.
@erbilsports,1224.0,947,393,,https://www.depop.com/erbilsports/,"welcome to my shop
genuine Nike shoes
Free delivery in UK/Worldwide shipping /no Offer& no Return
All our items are 100% genuine"
@emmarhodes,823.0,587,286,,https://www.depop.com/emmarhodes/,free uk postage on bundles â¤ï¸
@jpillas42,35400.0,3071,1527,https://instagram.com/johannpillas,https://www.depop.com/jpillas42/,"â˜† UK Based â˜† Worldwide Shipping â˜† Curated Stuff â˜†
â˜† Will Ship Weekly, Next Post Date 02/11 â˜†
â˜† Free UK Shipping: Tracked 24 â˜†"
@ragugarms,196.0,62,24,,https://www.depop.com/ragugarms/,elite garmz 5 â­ï¸ seller no refundsâŒ
@archived_air,3878.0,1082,602,https://www.instagram.com/archived_air/?hl=en,https://www.depop.com/archived_air/,"Hand picked selection of vintage, designer and sportswearğŸªInternational buyers message first"
@bitsnpiecess,5776.0,1831,1216,https://www.instagram.com/bitsnpiecessuk,https://www.depop.com/bitsnpiecess/,"WELCOME 2 BITSNPIECESğŸ’¥
A VERIFIED TOP SELLERâœ…                            

BRAND NEW WITH BOX & TAGSâ€¼ï¸
NO RETURNS! DISCOUNT?â¤µï¸"
@bmsupply,2679.0,333,171,https://www.instagram.com/cb_streetwear,https://www.depop.com/bmsupply/,"â–ªï¸Streetwear, high end and vintage
â–ªï¸First class shipping
â–ªï¸1000+ transactions
â–ªï¸Faster replies â†“"
@morgan12321,1061.0,135,176,,https://www.depop.com/morgan12321/,supream (n other bits)
@copfootwear,730.0,171,63,https://copfootwear.com,https://www.depop.com/copfootwear/,â¬›ï¸ Hard to find footwear â¬›ï¸ Free UK Delivery â¬›ï¸ 100% Authentic & QC Checked â¬›ï¸
@loose___threads,17000.0,3991,1499,,https://www.depop.com/loose___threads/,"ON HOLIDAYâ›±ï¸ Until 31st October, all orders will be sent as soon as Iâ€™m back. Thanks for your patience. No Returns âŒ"
@shayeexviii,237.0,32,21,,https://www.depop.com/shayeexviii/,"âŒNo Refunds or Returns   
ğŸ“¦Free UK Shipping on Bundles
ğŸŒMessage For International Shipping
ğŸ“«Not responsible once shipped"
@fushas,21.0,14,2,,https://www.depop.com/fushas/,"Selling high-quality, refurbished Shoes at affordable prices. We provide every size for each pair of shoes, so if you see something you like give us a DM. For even better prices and faster shipping options, come check out our website at https://privatelyowned.bigcartel.com :)"
@henryjones10,945.0,122,116,,https://www.depop.com/henryjones10/,Message before buying! Open to trades. No returns.
@weargarson,92700.0,9098,3618,https://www.instagram.com/weargarson/,https://www.depop.com/weargarson/,"London Clothing Sellers ğŸ‡¬ğŸ‡§

Instant Buy Is On âœ… DM Any Enquiries ğŸ“©

Worldwide Shipping ğŸŒ

No Refunds Or Returns âŒ"
@e5garms,1585.0,76,64,,https://www.depop.com/e5garms/,"ğŸ‡¬ğŸ‡§ E5garms - London 
ğŸ’¯ New & Vintage Streetwear
ğŸ“® Always Discounts on bundles 
ğŸ’Œ Please Message Before Purchasing"
@twinklecouture,30800.0,14031,7340,https://www.instagram.com/twinklecouture/,https://www.depop.com/twinklecouture/,Jordans - Airforce 1 - Mid or Low - Festival wear - Custom and Bespoke items - UV makeup and earrings - Glitters - Eyelashes
@betbetbettt,22700.0,175,85,https://www.instagram.com/betttencourt,https://www.depop.com/betbetbettt/,"New year new garms letâ€™s gooo!! Quick and free ğŸ‡¬ğŸ‡§ dispatch. Ask questions before buying please, no returns."
@rboyd,540.0,28,14,https://www.instagram.com/robboyd_/,https://www.depop.com/rboyd/,"All items are authentic, feel free to make sensible offers!"
@jayne040784,3170.0,601,340,,https://www.depop.com/jayne040784/,"Quality new & used trainers ğŸ‘Ÿ Free 1st class UK postage ğŸ“¦ Worldwide shipping ğŸŒ No returns, refunds or trades ğŸš«"
@356clobba,2739.0,1002,487,https://instagram.com/365clobba,https://www.depop.com/356clobba/,All sales are final | All handpicked pieces | ğŸ‡¬ğŸ‡§ | 365 Days Of The Year | Worldwide Shipping available | donâ€™t sleep ğŸ˜´
@harveybetts_garms,10200.0,2792,1805,,https://www.depop.com/harveybetts_garms/,"Hand picked garments ranging from mid to high end ğŸ¤© âœˆï¸ Can post all around the world, just ask âœˆï¸"
@wevegotsole,1700.0,763,365,https://instagram.com/wevegotsoleltd,https://www.depop.com/wevegotsole/,"Kicks | Streetwear | Lifestyle | Training 
Free Standard UK Delivery Over Â£100
10% off if you follow on Instagram *T&Cs apply*"
@facelessboxx,2599.0,53,27,https://instagram.com/facelessboxx,https://www.depop.com/facelessboxx/,Welcome to my store ğŸš€ || 5â­ï¸ seller on my first account with 3O+ reviews (rebranded) no refunds/returns ğŸ“ Maidenhead/Leeds
@imjustsellingx,29.0,47,4,,https://www.depop.com/imjustsellingx/,PayPal payment accepted  âœ…
@quality4people0nline,5416.0,1315,706,https://www.ebay.co.uk/usr/quality4people0nline,https://www.depop.com/quality4people0nline/,âœ…Genuine Nike Trainers & Apparelâœ…ğŸššFast&Free Delivery in the Uk ğŸšš âš ï¸No Return & no Offer âš ï¸ğŸŒWorld shippingğŸŒ
@luke_beattie,208.0,44,38,,https://www.depop.com/luke_beattie/,Legit seller.  No refunds are given/all purchases are final with tracked shipping included.
@mrreef,5706.0,533,240,,https://www.depop.com/mrreef/,PP Only Via Depop / No Trades / No Swaps/ No Time Wasters / No Returns/ Purchase Via The Buy It Option / Must Be Payment Ready
@japexclothing,15300.0,1228,337,,https://www.depop.com/japexclothing/,"STAY FLY. 1ST CLASS POSTAGE.
IF ITS LISTED, ITS AVAILABLE READY TO BUY ! 
FOLLOW OR MISS OUT.
instagram.com/japexjapexjapex"
@vlonecologne,184.0,207,46,,https://www.depop.com/vlonecologne/,
@solematemcr,4385.0,933,254,https://www.instagram.com/solemate_mcr,https://www.depop.com/solematemcr/,"Trusted seller, 1000+ sales ğŸ”¥ All items 100% Legitimate and Authentic âœ… Every new drop in stock ğŸ‘Š DM to enquire ğŸ“²"
@javiermk,51.0,28,24,,https://www.depop.com/javiermk/,
@allsourced,8277.0,87,37,,https://www.depop.com/allsourced/,"Allsourcedclothing.co.uk
Contact@allsourcedclothing.co.uk
For any questions: @all_sourced
No returns / no trades"
@dripsuppliers,6120.0,34,25,http://instagram.com/dripsuppliersuk,https://www.depop.com/dripsuppliers/,All Items 100% Authentic âœ… All Items Shipped Next Day Special Delivery âœ… NO REFUNDS/NO RETURNS ğŸš« ALL SALES ARE FINAL ğŸš«
@sneakerscommerce,991.0,75,18,https://www.instagram.com/sneakerscommerce,https://www.depop.com/sneakerscommerce/,"Personal Shopper | Sneakers Sourcerâ£â£â£
ğŸ“¦ Shipping Within UK
âœ¨ Brand New Itemsâ£â£
ğŸ“² DM For Enquiriesâ£â£
âŒ All Sale Are Final"
@brinkk,119.0,26,12,,https://www.depop.com/brinkk/,100% Authentic Goods ğŸ‘Œâš¡ï¸ğŸ”¥ ğŸ¤™                             NO TRADES or RETURNS  Insta: BRINKK
@leitecarol,14.0,20,1,,https://www.depop.com/leitecarol/,NO REFUNDS
@skatewaves,1184.0,731,219,,https://www.depop.com/skatewaves/,ğŸ›¹SKATE WEARğŸ›¹   ğŸ‘•    ğŸ„SURF WEARğŸ„ ğŸ”´MESSAGE BEFORE BUYING FORğŸ›‘                                       ğŸ›‘FOR AVAILABLE STOCKğŸ›‘
@oluwa10,299.0,157,132,https://depop.com/oluwa10,https://www.depop.com/oluwa10/,NO RETURNS / REFUNDS âŒ || ğŸ¡ğŸ“¦ : Aim to ship within 3 working days. Not responsible for lost or damaged parcels.
@00billy00,88.0,40,34,,https://www.depop.com/00billy00/,"No returns, please message before buying"
@smartyy96,11.0,,2,,https://www.depop.com/smartyy96/,
@lsa_100,783.0,122,53,,https://www.depop.com/lsa_100/,"Seller On Depop
All items are  100% authenticâœ…ï¸
Shipping Time: 5-15 Days
Please Be Paitent with shipping
Restock Every Month"
@suppliedbyangel,2396.0,47,16,https://www.instagram.com/suppliedbyangel/,https://www.depop.com/suppliedbyangel/,"â„¹ï¸G: @SuppliedByAngel

ğŸ“ London Based 
ğŸ‘Ÿ Sneaker and Clothing enthusiasts
ğŸ“¤ Providing YOU with limited, sought-after items"
@sh4h,39.0,38,32,,https://www.depop.com/sh4h/,no refunds // no returns // fast service âœ… // instant buy is on âœ… // no PayPal payments! âŒ
@swanngg,77.0,77,44,,https://www.depop.com/swanngg/,
@aarennn,203.0,49,18,,https://www.depop.com/aarennn/,Apollo Resale â™ ï¸ No Refunds â™ ï¸ Sourcing Any Shoe
@tomusaki,185.0,47,50,,https://www.depop.com/tomusaki/,"Always Open To Offers, So Shoot AwayğŸ¤™ğŸ½                                            ~ Postage Â£5"
@lawrence61,10.0,18,1,,https://www.depop.com/lawrence61/,"Please be patient with orders and replies, there is currently a high demand, thank you for your patience. More coming soon!"
@lxxix,348.0,75,42,,https://www.depop.com/lxxix/,"I buy and sell nothing but authentic bits, no price is set in stone. Make me an offer...NO REFUNDS/NO RETURNS/NO TIMEWASTERS ğŸš«"
@trustedsolesuk,1209.0,259,124,https://www.instagram.com/trustedsolesuk,https://www.depop.com/trustedsolesuk/,"âœ… 100% Authentic- 100% 5ğŸŒŸreviews
ğŸ§¾ Over 600 clients across platforms!
ğŸ™‹â€â™‚ï¸ Happy 2 help!
ğŸ“¥ FOR DISCOUNTED PRICES â¬‡ï¸ > 10%ğŸ“¥"
@nowmillennial,29700.0,1476,408,https://www.instagram.com/nowmillennial/,https://www.depop.com/nowmillennial/,"ğŸ›¸ Ship internationally.
ğŸ’¸Tax free where possible.
ğŸ˜­ Not accepting offers.
ğŸ”¥"
@hutherland,838.0,153,79,,https://www.depop.com/hutherland/,https://www.instagram.com/h4lsutherland/
@svmia,228.0,,12,https://instagram.com/samias.meraki,https://www.depop.com/svmia/,Mostly anime artâœ¨âœ¨âœ¨
@parasko,1708.0,207,163,,https://www.depop.com/parasko/,"Trusted seller for over 7 yearsâœ… 
Reusing old packagingğŸŒ
Fast dispatchğŸ“¦ 
No returnsğŸ“®
UK onlyğŸ‡¬ğŸ‡§"
@misternmiss,11400.0,2443,1577,http://www.misternmiss.com,https://www.depop.com/misternmiss/,"â–«ï¸ High fashion garments & accessories
â–«ï¸ Worldwide shipping 
â–«ï¸ @misternmisss on insta"
@kazeem,1214.0,41,21,,https://www.depop.com/kazeem/,
@attir33,45.0,25,4,,https://www.depop.com/attir33/,"INSTANT BUY, EVERYTHING IS AUTHENTICâœ…          LMK IF YOU HAVE ANY QUESTIONSğŸ˜Delivery times may varyâ¤ï¸â¤ï¸"
@olliew97,1670.0,136,66,,https://www.depop.com/olliew97/,Open to offers on everything. Rare finds. No refunds
@provocative801,19.0,,0,,https://www.depop.com/provocative801/,Antoniaâ€™s boutique with the latest for the ladies & setting trends for the gents. tell a friend to tell a friend happy & hopeful
@millswardrobex,596.0,83,38,,https://www.depop.com/millswardrobex/,"Luxury Streetwear ğŸŒ 
5 Star Customer Service â­ï¸
â–«ï¸Tracked & signed delivery
â–«ï¸100% Authentic 
â–«ï¸No returns/refunds
â–«ï¸Inapp only"
@kickheadquarters,798.0,11,21,https://instagram.com/kickheadquarters/,https://www.depop.com/kickheadquarters/,"The HQ of all things Shoe
100K+ instagram followers with a multitude of client references
Shipping Worldwide
Founded 2014"
@immenseorange,73.0,,1,,https://www.depop.com/immenseorange/,
@snkrhouse,57.0,19,6,,https://www.depop.com/snkrhouse/,100% Authentic!â•âœ…
@jbswardrobe,8821.0,2380,1122,https://instagram.com/_jbswardrobe,https://www.depop.com/jbswardrobe/,"ğŸ–¤Instant buy is on
ğŸšš2nd class shipping is Â£3.85
â—ï¸No silly offers & no returns
â¬‡ï¸Follow the IG for stock previews"
@dieselslave,888.0,,0,https://darinagarms.com,https://www.depop.com/dieselslave/,"Worldwide shipping, first dibs and previews on ig dieselslave â€¼ï¸â¬ï¸â¬ï¸ style bundles + wholesale / reviews & 300 pairs onlineâ€¼ï¸â¬‡ï¸"
@bythepeace,14000.0,1451,611,https://instagram.com/bythepeace,https://www.depop.com/bythepeace/,"Shop â€¢ Archive  
â€¢Handpicked Streetwear Curated Bythepeaceâ€¼ï¸
â€¢DM On Instagram To Visit The Shop In PersonğŸ“²"
@monicajasmine_,386.0,119,74,https://www.instagram.com/monicajasmine_/,https://www.depop.com/monicajasmine_/,London ğŸ‡¬ğŸ‡§ Offers Accepted ğŸ“¥ No Returns âŒ                   Reused Packaging â™»ï¸
@100sales,291.0,11,10,http://ğŸ’¯%Ebay.rating/gumtree&ebay/11yrs+/SalePriceFINAL,https://www.depop.com/100sales/,RARE SOLDOUT GENUINE Footwear/Clothing/Accessories Purchased myself from retailers onlyâ›”ï¸NO RETURNS/North LdnğŸ“ğŸ“¦ Pls ReviewğŸ”Œ
@1jonomarlow,918.0,231,125,,https://www.depop.com/1jonomarlow/,MOVING OUT NEED EVERYTHING GONE - 100% Authenticity! âœ… ALL SALES ARE FINAL! Trusted Seller ğŸ¤
@bensbits,38400.0,5933,2498,http://Instagram.com/bensbits_,https://www.depop.com/bensbits/,- Shop All Trainers At The Bottom Of The Page â¬‡ï¸       - Ship Mon-Wed-Friday Via Royal Mail ğŸ“¦                                             âœ–ï¸No Refunds / Returns / Reservesâœ–ï¸
@size9official,33200.0,13,27,https://www.instagram.com/officialsize9,https://www.depop.com/size9official/,"ğŸ”¥BNIB NIKE AIR DEADSTOCK FOR SALE ğŸ”¥ğŸ”Œ1/90/95/97/180/BW/AIRSTAB DM BEFORE BUYING, MORE PICTURES ON INSTA 
#sizecollections ğŸ”¥ğŸ”Œ"
@aia1105,218.0,124,72,,https://www.depop.com/aia1105/,Instagram @aia_1105
@theclobastore,9867.0,380,204,,https://www.depop.com/theclobastore/,The Cloba Store by Fraser | Designer Clothing | all items sent next day first class | international | make a bundle deal â¤ï¸
@firstclasskicks2,2048.0,226,113,https://instagram.com/1stclass.kicks?utm_medium=copy_link,https://www.depop.com/firstclasskicks2/,No Returns. Message before purchasing!!
@felixbaker,113.0,,9,https://instagram.com/felixjgbaker,https://www.depop.com/felixbaker/,ğŸ¦…No refundsğŸ¦…
@mkmoda,5227.0,238,130,,https://www.depop.com/mkmoda/,"â–ªï¸Instant Buy  
â–«ï¸Worldwide Shipping 
â–ªï¸Payment Through Depop 
â–«ï¸DM Any Questions/Offers
â–ªï¸Same Or Next Working Day Postage"
@jbarker4,1548.0,334,400,,https://www.depop.com/jbarker4/,message before buyingâ†ªï¸ open to offersğŸ¤ message for more photosğŸ“· all pairs come without original box unless otherwise statedğŸ“¦
@maxosully,458.0,114,107,,https://www.depop.com/maxosully/,
@mitch1508,511.0,59,36,,https://www.depop.com/mitch1508/,-Essex/London meets available-
@connorstewart19,104.0,30,25,https://www.musescreative.art,https://www.depop.com/connorstewart19/,Selling stuff I donâ€™t wear anymore. Wont sell anything I wouldnâ€™t buy myself.  No returns
@calweath,352.0,150,118,,https://www.depop.com/calweath/,Buy my shit
@sheepzboi,7167.0,116,99,,https://www.depop.com/sheepzboi/,Featured Seller Of New And Used Kicks âœ…  Message before buying âœ…
@jordanabai,15100.0,487,275,https://www.instagram.com/jordzbai/?hl=en,https://www.depop.com/jordanabai/,BUY MY SHIT. NO REFUNDS. TIME WASTERS ARE BLOCKED.
@s_ammh,271.0,6,17,https://instagram.com/samm.ppt,https://www.depop.com/s_ammh/,â–¶ï¸ message me before buying or any questions â„¹ï¸ no returns or refunds â„¹ï¸ offers are accepted  â„¹ï¸ uk only.â—€ï¸
@_ls,3.0,,0,,https://www.depop.com/_ls/,
@jek92,2225.0,165,92,,https://www.depop.com/jek92/,All items 100% genuine ğŸƒ Shipping available worldwide ğŸŒ
@munem,52.0,72,27,https://instagram.com/mvnem_,https://www.depop.com/munem/,Message me before buying any items from my page  SERIOUS BUYERSâ€¼ï¸ no refunds/returns â€¼ï¸
@savrajanand,23.0,46,29,,https://www.depop.com/savrajanand/,"message for more pics/details
no returns
bundle offers available
MESSAGE BEFORE BUYING"
@garage_garments,1538.0,647,254,,https://www.depop.com/garage_garments/,â€¼ï¸Message questionsğŸ“100% authenticğŸ”Œ-dispatch within 1 to 2 days. Worldwide shipping availableğŸŒ
@hypesupplyeu,124.0,42,15,,https://www.depop.com/hypesupplyeu/,"All items are already heavily discounted from rrp, no offers. All items 100% authentic, not liable after postage. Uk only"
@laceddown,704.0,112,92,,https://www.depop.com/laceddown/,"â– UK BASED ğŸ‡¬ğŸ‡§ â–
â– TRUSTED SELLER ğŸ’« â–
â– RAPID UK SHIPPING ğŸ“¦ â–
â– BUYING & RESTORING â­ï¸ â–
â­•ï¸ ALL IMAGES ARE OUR OWN â­•ï¸"
@hcim29,6539.0,292,125,,https://www.depop.com/hcim29/,"U.K. Seller ğŸ‡¬ğŸ‡§ğŸ‡¬ğŸ‡§ğŸ‡¬ğŸ‡§ğŸ‡¬ğŸ‡§ Womenâ€™s, menâ€™s, childrenâ€™s clothing and accessories available here! Open to bundle discounts ğŸ‘"
@olly_mul,134.0,20,41,https://olly_mul,https://www.depop.com/olly_mul/,No returns or refunds please :) UK BUYERS ONLY
@pascaleeliza,59000.0,2525,1261,https://www.pascaleeliza.com,https://www.depop.com/pascaleeliza/,"â™»ï¸Sustainably hand-picked
ğŸŒŸDESIGNER & Vintage 
ğŸªWorldwide Shipping
ğŸ“¦Free UK on bundles
ğŸŒ¸NO RETURNS
ğŸ‘€@studio_pascaleeliza"
@17collective,3704.0,286,184,https://instagram.com/17.collective,https://www.depop.com/17collective/,"ğŸ‘•| @17.collective
ğŸ“¦| FREE U.K. Shipping 
ğŸŒ| International Shipping
âŒ| All sales are final, no returns"
@flykicksofficial,3961.0,686,266,https://instagram.com/flykicksofficial,https://www.depop.com/flykicksofficial/,"ğŸ“¦| UK NEXT DAY DELIVERY
ğŸš€| INSTANT BUY IS ONâ˜‘ï¸
ğŸ’¯| ALL 100% AUTHENTIC ITEMS ONLY!ğŸ“ˆ
âœ…| TRUSTED SELLER | NO REFUND POLICYğŸ‘Œ"
@ttocsdepop,270.0,23,16,,https://www.depop.com/ttocsdepop/,"Message for any enquiries or offers ğŸ’¬ 
No returns after item has been purchased ğŸ¯
Open to swaps ğŸ”„"
@urbanmassif,59500.0,2515,1877,http://Instagram.com/urbanmassif,https://www.depop.com/urbanmassif/,â€¢ğŸ’¡Exclusive StoreğŸ’¡â€¢ International ShippingğŸŒ´â€¢ AuthenticğŸ“ â€¢ğŸ“¦Instant Buy OnlyğŸ“¦â€¢No ReturnsğŸ›’          No TradesâŒ
@ipaytowearcorporationslogos,56.0,26,9,,https://www.depop.com/ipaytowearcorporationslogos/,"Message me, we work something out ğŸ˜‰"
@itsceezle,538.0,17,33,,https://www.depop.com/itsceezle/,NO SWAPS... PAYPAL ONLY
@troys_stuff123,438.0,35,24,https://instagram.com/troy_n__,https://www.depop.com/troys_stuff123/,no returns/refunds.ğŸ“¦Royal Mail tracked deliveryğŸ“¦ taking offers.   Ask before buying if outside of UK
@tbd_customs,911.0,116,118,https://instagram.com/onyx_exclusives?igshid=YmMyMTA2M2Y=,https://www.depop.com/tbd_customs/,â€¼ï¸open to tradesâ€¼ï¸ ğŸš¨all authenticatedğŸš¨ â€¼ï¸no refundsâ€¼ï¸ dm us to purchase or for better price ğŸ“² +44 7415 202211
@tobias_lynch11,1662.0,713,356,https://www.instagram.com/zestygarms,https://www.depop.com/tobias_lynch11/,"Selling Vintage & Preloved Garmsâ™»ï¸
Free UK Shipping & International VariesğŸ“¦ğŸ’¨
No Returns | Refunds | Tradesâš ï¸"
@hkgarments,3044.0,175,122,https://www.instagram.com/hk_garments/,https://www.depop.com/hkgarments/,First class shipping with every orderğŸ“¦ Always open to offersğŸ¤²ğŸ½ no refunds or returns
@babayale,547.0,72,54,,https://www.depop.com/babayale/,Vinted - babayale ğŸ’• Sizes Medium-XL & Size 9/10 .
@markallen,134.0,37,32,,https://www.depop.com/markallen/,No returns/ UK based/ message me before buying/ dm me for offers or trades ğŸ“¦
@fazeaubrey,464.0,95,60,,https://www.depop.com/fazeaubrey/,N O R E F U N D S
@ukkicks2,1440.0,88,69,,https://www.depop.com/ukkicks2/,GOOD PRICES AND FAST SHIPPING â—ï¸â—ï¸ CORTEIZ & TRAPSTAR GOD ğŸ¤ğŸ»ğŸ¤ğŸ» BAD PHOTOS BAD CAMERA ON MY PHONE BUT EVERYTING IS 10/10
@jacobharveyy,9487.0,319,129,,https://www.depop.com/jacobharveyy/,
@callumpang,271.0,47,41,,https://www.depop.com/callumpang/,No refunds or returns UK only
@ezekielsasleep,623.0,146,73,https://instagram.com/ezicollect,https://www.depop.com/ezekielsasleep/,"All sales final. Time wasting = block. Next working day postage by RM track 24. International buyer, fit pics and more detailsğŸ‘‡"
@10mab01,8.0,9,1,,https://www.depop.com/10mab01/,"UK selling only, no refunds after deliveries!                 Offers accepted on all items!"
@musajafar,1.0,,0,,https://www.depop.com/musajafar/,
@somethingbluemaybered,444.0,136,88,,https://www.depop.com/somethingbluemaybered/,no returns or trades!!ğŸš«
@djjb64,86.0,48,19,,https://www.depop.com/djjb64/,
@luwilarchive,1362.0,102,48,,https://www.depop.com/luwilarchive/,Shipping worldwide within 1-3 days Dry clean upon request All items are 100% authentic Message me for further enquiries.
@loghanlee94,1488.0,194,101,,https://www.depop.com/loghanlee94/,"â—Returns/Refunds: Not accepted
â“Delivery: Royal Mail Tracked 1-3 w.days
â—Not responsible after shipping"
@ljbdesigner,60.0,33,21,,https://www.depop.com/ljbdesigner/,-SHIPPING IN 1 TO 2 DAYS                              RESELLING 1:1 and authentic Items From High End Brands
@clothingplugukk,16.0,,0,,https://www.depop.com/clothingplugukk/,
@nigoldn,90.0,14,4,,https://www.depop.com/nigoldn/,All payment methods allowed
@ybnalex747,263.0,35,16,,https://www.depop.com/ybnalex747/,"ğŸš¨ğŸš¨ğŸš¨ CLEARING ITEMS, NEED ALL GONEğŸš¨ğŸš¨ğŸš¨
- Message before buying IG: _alexdeoliveira_ depop payment through paypal"
@archiespencer6,6.0,,1,,https://www.depop.com/archiespencer6/,
@stay_in_stock,69.0,11,1,https://www.instagram.com/stay_in_stock/,https://www.depop.com/stay_in_stock/,"â–Luxury personal shopping 
â–All items are 100% authentic 
â–Message us before purchasingğŸ™

No refunds/exchanges are acceptedâ—ï¸"
@geo929,54.0,20,13,,https://www.depop.com/geo929/,
@shoedeli,16000.0,311,346,https://linktr.ee/ShoeDeli,https://www.depop.com/shoedeli/,"âš¡ï¸YES RESPONSIBLE AFTER POSTAGE
âš¡ï¸YES REFUNDS -pls ask
âš¡ï¸AUTHENTIC, ALWAYS

Please use the filter to see whatâ€™s in your size ğŸ›ï¸"
@lewismith,164.0,24,16,https://www.instagram.com/_lewismith/,https://www.depop.com/lewismith/,Newcastle meets                                                                   No refunds or exchanges (prices are firm)
@bootroomxi,2458.0,75,46,https://www.instagram.com/bootroomxi/,https://www.depop.com/bootroomxi/,No refunds on Â£1 purchases
@kier_oregan,303.0,15,15,,https://www.depop.com/kier_oregan/,"Supreme - Sizes L/XL, Palace - Size XL, Nike - Sizes 10.5/11, All sales final, can provide proof of authenticity for all items."
@lucyroberrts,1144.0,55,47,,https://www.depop.com/lucyroberrts/,Unable to ship til September
@manueljunior,4.0,,18,,https://www.depop.com/manueljunior/,MESSAGE ME BEFORE BUYING.                           //Uk shipping only//
@qualitsneaker,5611.0,124,75,https://www.instagram.com/qualitsneakers/,https://www.depop.com/qualitsneaker/,"ğŸ‘Ÿ Exclusive Sneakers 
âœ… 100% Authentic & Reliable â£
ğŸš› Fast Shipping â£
ğŸ‡¬ğŸ‡§ UK Based 
âœ–ï¸ No Refunds, Exchanges or Returns"
@janeylayd,898.0,96,49,,https://www.depop.com/janeylayd/,"vintage, y2k, 90s, unique finds! ğŸ¥€   SALE ACTIVE  ğŸ¥€       help me fund a ko4  ğŸ‘ğŸ’‹ğŸ‘"
@imasher,5678.0,2745,1291,,https://www.depop.com/imasher/,All items are available to buy
@karloskargo,3020.0,326,204,https://www.instagram.com/karlos.kargo/,https://www.depop.com/karloskargo/,ğŸ”ğŸŒ‹â›°
@tdnarbmer,14.0,10,15,,https://www.depop.com/tdnarbmer/,
@anthonyylee,994.0,308,154,,https://www.depop.com/anthonyylee/,Aim to post within 3 working days ğŸ“¦ Open to reasonable offers and happy to answer any Qâ€™s âœŒğŸ¼ All sales are final
@lukecrumpet,1050.0,51,26,https://www.lukecrump.com,https://www.depop.com/lukecrumpet/,UK based Artist âœï¸ ğŸ‘€ DM before ordering! Hit me up for custom work / questionsâœŒï¸ ğŸŒ SHIPPING WORLDWIDE ğŸŒ insta - luke.crump
@oldskool_gear,10200.0,543,378,https://instagram.com/oldskool_gear?utm_medium=copy_link,https://www.depop.com/oldskool_gear/,"ğŸ˜Treat yourself, avv a scrollğŸ˜     
ğŸŒFast, worldwide shippingğŸŒ             â™»ï¸Keep buying second-handâ™»ï¸"
@solesentry,1249.0,191,136,https://www.instagram.com/SoleSentry/,https://www.depop.com/solesentry/,
@freezysarchive,3803.0,1929,1340,,https://www.depop.com/freezysarchive/,"UK based ğŸ‡¬ğŸ‡§ 
Ship worldwide ğŸŒ 
In App payments only ğŸ’° 
No refunds/exchanges âŒ
Message me any questions!ğŸ“©"
@jaime_pt,102.0,8,12,,https://www.depop.com/jaime_pt/,London | Open to offers but message first before buying âœŒï¸
@julienkirk,1739.0,264,279,https://www.instagram.com/julien_kirk/,https://www.depop.com/julienkirk/,"Wys                                                                                        No Refunds, No Returns"
@leonard23,52.0,32,23,,https://www.depop.com/leonard23/,
@dianaperova,687.0,79,34,https://www.instagram.com/diane.perova/,https://www.depop.com/dianaperova/,ğŸ§šğŸ»everything been picked with love / no returns / make offers / free UK shipping / INSTANT BUY IS ONğŸ§šğŸ»
@sachagalst,806.0,48,13,,https://www.depop.com/sachagalst/,UK ğŸ‡¬ğŸ‡§ streetwear/fashion for great prices. DM @s.galstaun on IG for proof of authenticity
@helveticanew,386.0,55,38,,https://www.depop.com/helveticanew/,New and used.
@secondarysystems,1114.0,940,360,https://instagram.com/wh1teacre,https://www.depop.com/secondarysystems/,(Worldwide shipping)
@ddg19,48.0,,4,,https://www.depop.com/ddg19/,Glasgow // no swaps or returns. Selling some clothes I no longer wear
@clint_122,76.0,20,11,https://instagram.com/,https://www.depop.com/clint_122/,Just selling stuff I donâ€™t wear ğŸ¤ come and find yourself a bargain âœ…  ig: jbelnavis.10
@archiesrchive,2532.0,673,309,https://www.instagram.com/archiesrchive,https://www.depop.com/archiesrchive/,1000+ sales | 5* reviewsğŸ’§like items if interestedğŸ‘ğŸ»not responsible after postageğŸ§¢
@hhikes,2436.0,250,206,,https://www.depop.com/hhikes/,Trainers UK 5-11. Garms M & F. POP me a msg for more details // can do bundles ğŸ‰ No refunds - All sent with tracked shipping ğŸŒ
@tcacreative,2485.0,376,250,https://www.tcacreative.co.uk/shop,https://www.depop.com/tcacreative/,All Items Brand New - 100% Authenticity Guaranteed - Klarna Pay In 3 Available âœ…
@chris_s_ramos,128.0,120,94,https://www.instagram.com/chris_s_ramos,https://www.depop.com/chris_s_ramos/,"UK Postage Only
All items sent via Royal Mail with tracking number
High value items will not be sold to accounts with no reviews"
@tellecity,125.0,68,25,https://instagram.com/martellemclemore,https://www.depop.com/tellecity/,Selling/Buying clothes and sneakers ğŸ‘•ğŸ‘–ğŸ¥¾ğŸ‘Ÿ  Open to offers ğŸ¤ Message for enquiriesğŸ‘ğŸ¿
@2ndchancecollective,4542.0,1297,651,https://instagram.com/2ndchancecollective,https://www.depop.com/2ndchancecollective/,"- Everything posted 48hour Tracked RM - Recyclable Packaging â™»ï¸ - No Refunds, unless I am at fault. IG link in bioğŸ¤"
@jawsell,160.0,238,185,https://instagram.com/jawselling,https://www.depop.com/jawsell/,
@drip4less__,27.0,20,10,,https://www.depop.com/drip4less__/,"Trusted seller, quick response and most importantly fast delivery!"
@elianne13,146.0,29,23,,https://www.depop.com/elianne13/,
@elkach,3.0,7,0,,https://www.depop.com/elkach/,
@samsstreetwear1,156.0,89,32,,https://www.depop.com/samsstreetwear1/,Your Source for Authentic Streetwear | Receipts for ALL listings | 80+ Sales & 30+ 5â­ï¸ Reviews |
@navresells,391.0,80,45,https://instagram.com/navresells_?igshid=OGQ5ZDc2ODk2ZA==,https://www.depop.com/navresells/,SHOES â€¢ GARMS â€¢ VALUE â€¢ Dm for any sourcing enquiries ğŸ“²
@johnsvintage,50400.0,7340,3158,https://instagram.com/johnsvintage,https://www.depop.com/johnsvintage/,South Coast based vintage store ğŸŒŠ Depop Verified âœ…  Fast Shipping! ğŸ“¦ğŸƒâ€â™‚ï¸ DM For Bundles âœ¨
@itsanchana,1631.0,273,110,https://www.instagram.com/itsanchana,https://www.depop.com/itsanchana/,PLZ MAKE ME OFFERS UK&EU ONLY ~
@davis_5,39.0,42,27,https://instagram.com/Stephendavison98,https://www.depop.com/davis_5/,Vintage and branded clothingğŸ“¼ No refundsğŸ’°Open to tradeğŸ”€ Delivery: Â£4 ğŸ‘• heavier items/shoes: Â£7ğŸ§¥ UK shipping onlyğŸ‡¬ğŸ‡§
@ianmorris1002,3001.0,755,638,,https://www.depop.com/ianmorris1002/,â­ï¸ 50% SALE NOW ON â­ï¸ ğŸ‘Ÿ For the love of kicks ğŸ‘Ÿ Offers welcome. ğŸ¤© Feel free to chat and ask about any pair on my page. ğŸ‘Ÿ
@jdfdepop,88.0,108,43,,https://www.depop.com/jdfdepop/,
@matteodiaf,230.0,12,11,,https://www.depop.com/matteodiaf/,No refunds/returns. Dm for offers! Message if any questions need answering! ğŸ¤©ğŸ¤©
@fussyarchive,2102.0,1256,276,https://www.instagram.com/fussyarchive/,https://www.depop.com/fussyarchive/,Curated designer & Vintage                                              Menâ€™s + Womenswear
@snides,925.0,82,39,,https://www.depop.com/snides/,All sorts                                                                          No returns ğŸ‡¬ğŸ‡§
@onyxarchivee,1262.0,111,47,https://www.onyxarchive.com,https://www.depop.com/onyxarchivee/,Free shipping within UK. Please visit my website for more product images.  @onyx.archive @umayrgaffar
@_741145,5.0,,1,,https://www.depop.com/_741145/,
@jn_collection,6011.0,162,218,https://instagram.com/joenicholson9,https://www.depop.com/jn_collection/,"ğŸ´ó §ó ¢ó ³ó £ó ´ó ¿Edinburgh based
ğŸ‘ŸSelling a variety of streetwear, vintage and vinyl
ğŸššFree postage
ğŸ“²DM any enquires or offers"
@gregmac,46.0,13,4,,https://www.depop.com/gregmac/,ALL ITEMS MUST GO! NO REFUNDS. â—ï¸NO OFFERSâ—ï¸ GlasgowğŸ‡¬ğŸ‡§
@herq123,37.0,,6,,https://www.depop.com/herq123/,
@jonnybroxup,59.0,46,20,,https://www.depop.com/jonnybroxup/,Quick replies and Quick shipping. No refunds or returns.
@losu11,4.0,,7,,https://www.depop.com/losu11/,
@olivia0510,262.0,161,53,https://creativecustomkickss.com/collections/all,https://www.depop.com/olivia0510/,No Exchange/refunds. Uk Buyers Only. Trainer Delivery 3-5 Working Days.
@fashionthing,49.0,30,18,,https://www.depop.com/fashionthing/,ig: @jayjrdn
@cdotfundz,119.0,9,3,,https://www.depop.com/cdotfundz/,I Sell Repsâ€¼ï¸â€¼ï¸ unless otherwise stated in the item description.ğŸ’¯ Shipping will be between 24-72 hoursâœ… I donâ€™t do refundsâŒ
@madvillain,2003.0,87,70,,https://www.depop.com/madvillain/,Always interested in trades for similar brands. Need the CDG Foamposites in Black in UK7.5/8. Hit me up if you have
@ashtonsattire,1831.0,300,159,https://instagram.com/ashtons.attire,https://www.depop.com/ashtonsattire/,VINTAGE STREETWEAR SHOP - ALL SALES FINAL       FEEL FREE TO ASK FOR MEASUREMENTS
@dripbydams,2947.0,1213,444,http://instagram.com/dripbydams,https://www.depop.com/dripbydams/,Allow 2 days for shipping. No returnsâ—ï¸. message me with any enquiriesâœ…
@tysonswardrobe,80.0,72,34,,https://www.depop.com/tysonswardrobe/,HIGH END AUTHENTIC MEN DESIGNER CLOTHING  | NO RETURNS & EXCHANGES
@notyet1987,199.0,92,60,,https://www.depop.com/notyet1987/,London based/Pm me for info and before checkout please/no returns
@jamielee699,38.0,55,1,,https://www.depop.com/jamielee699/,
@drippa2plug,3.0,,1,,https://www.depop.com/drippa2plug/,"last account get ban for some reason, 34 successful deal, legit stuff onlyğŸ™…ğŸ»â€â™‚ï¸ğŸ’¯"
@blakeywithers,63.0,60,35,,https://www.depop.com/blakeywithers/,"No refunds or returns, ğŸ‡¬ğŸ‡§ shipping onlyğŸ«¡"
@ofoulger,363.0,512,218,,https://www.depop.com/ofoulger/,
@charlieforsyth,32.0,12,1,,https://www.depop.com/charlieforsyth/,Uk only  not responsible after shipping
@nexcyia,127.0,6,1,,https://www.depop.com/nexcyia/,
@tombowley288,1608.0,113,41,https://instagram.com/ingoodtime.store?utm_medium=copy_link,https://www.depop.com/tombowley288/,Curated clothing and 35mm cameras â¬‡ï¸â¬‡ï¸â¬‡ï¸â¬‡ï¸
@jxssicatang,220.0,68,40,,https://www.depop.com/jxssicatang/,No returns
@blxvke,72.0,28,30,,https://www.depop.com/blxvke/,! UK SHIPPING ONLY ! âœ¨ Message before buying /// No returns or refunds /// âœ¨
@pigeonlad,32.0,46,26,,https://www.depop.com/pigeonlad/,"STORE ACTIVE
Open to sensible offers
can bundle stuff if you want too"
@tealni,843.0,84,42,,https://www.depop.com/tealni/,Uk seller - no refunds - message before buying
@andywest,427.0,83,68,,https://www.depop.com/andywest/,Please look at pictures carefully as all sales are final.
@faramenta,147.0,,20,,https://www.depop.com/faramenta/,
@bilalahmed1011,15.0,,3,,https://www.depop.com/bilalahmed1011/,"Manchester based, 100% Authentic, No refunds. Message before buying pls."
@af1girl,7987.0,1625,690,https://www.instagram.com/airforce1girl/,https://www.depop.com/af1girl/,"selling new & pre-loved trainers, specialising in rare vintage Nike AF1â€™s â˜† 
stock previews â‡©"
@viasenzafine,28.0,17,6,https://instagram.com/viasenzafine?igshid=OGQ5ZDc2ODk2ZA==,https://www.depop.com/viasenzafine/,
@dannybarr,14.0,17,8,,https://www.depop.com/dannybarr/,
@bitz4u,336.0,16,18,,https://www.depop.com/bitz4u/,NO REFUNDS. NO FAKES. OPEN TO OFFERS.
@abdul_a99,18.0,18,15,,https://www.depop.com/abdul_a99/,Dm for any enquiries. Manchester / Liverpool meet ups 
@jacklofthouse99,123.0,106,89,,https://www.depop.com/jacklofthouse99/,"message before buying, open to offers, no returnsğŸ‘"
@jordancart,38.0,,1,,https://www.depop.com/jordancart/,
@tailwindvintage,2440.0,711,232,https://instagram.com/tailwindvintage,https://www.depop.com/tailwindvintage/,"-same/next day dispatch 
-no returns~check measurements before buying
-message for international shipping"
@jksports,120.0,111,52,https://ebay.co.uk/usr/jksports,https://www.depop.com/jksports/,"ğŸ‡¬ğŸ‡§UK Based Shipping Worldwide â£
ğŸŒ 100% Authentic  Items â£
ğŸ“¦ UK Tracked Shipping"
@ellieirish,172.0,33,46,,https://www.depop.com/ellieirish/,
@yyykrashed,189.0,56,34,,https://www.depop.com/yyykrashed/,
@southcoastshoesupply,5552.0,772,802,https://www.instagram.com/southcoastshoesupply,https://www.depop.com/southcoastshoesupply/,"Depop Verified Seller â˜‘ï¸
100% Guaranteed Authentic ğŸ’¯
New & Pre-Loved ğŸ‘Ÿ
Next Day Shipping ğŸ“¦
Bournemouth, UK Based ğŸ‡¬ğŸ‡§"
@nightowl6,0.0,,0,,https://www.depop.com/nightowl6/,
@crepsandclothin,2790.0,1026,630,,https://www.depop.com/crepsandclothin/,ğŸŒŸ5 Star SellerğŸŒŸ                                                                      ğŸš¢Dm for international shippingğŸš¢
@tomgold,2309.0,74,55,,https://www.depop.com/tomgold/,"ğŸŠ Vintage Items        
âŒ No Refunds                 
âœ… Message With Offers 
ğŸ½ MENU BELOW"
@ceretail,12.0,52,31,,https://www.depop.com/ceretail/,"Big BRANDS for LESS. If you have any questions please message us. NO REFUNDS, RETURNS - FREE UK TRACKED ROYAL MAIL SHIPPING."
@circularmarket,1581.0,325,123,,https://www.depop.com/circularmarket/,"Our shop includes second-hand, vintage & high street goods ğŸŒŸ"
@lbrnasib,121.0,89,41,,https://www.depop.com/lbrnasib/,All sales final|No refunds|No trades|All Used (unless mentioned otherwise.)|All items authentic. rndmthings11@GMAIL.COM..MSG B4
@bethscreps,557.0,219,118,,https://www.depop.com/bethscreps/,100% authenticğŸ‘Ÿ
@rickys_collection,5316.0,197,221,https://instagram.com/asap__r1cky,https://www.depop.com/rickys_collection/,"Streetwear, Luxurywear & Vintagewear by Ricky. DM for Worldwide Shipping ğŸŒâœ¨ - No Refunds"
@rrnelson5,93.0,32,30,,https://www.depop.com/rrnelson5/,"A couple just trying to declutter. No Trades, No Refunds, UK shipping only! Everything is authentic. Open to sensible offers."
@megwhite,177.0,64,50,https://www.instagram.com/megwhitexo,https://www.depop.com/megwhite/,message before buying. dm for offers and bundles. no swaps/ returns.
@jeevan98,379.0,41,37,,https://www.depop.com/jeevan98/,No refunds//Flaws are stated
@bedswebs,49.0,,2,,https://www.depop.com/bedswebs/,@bedswebs on instagram
@lob_dsign,5.0,,0,,https://www.depop.com/lob_dsign/,
@luke_287,62.0,9,2,,https://www.depop.com/luke_287/,
@nathan1999_,97.0,12,1,,https://www.depop.com/nathan1999_/,SW London ğŸ“
@murph96,203.0,166,108,,https://www.depop.com/murph96/,Always open to offers ğŸ‘ğŸ¼ğŸ˜
@haydensmith209,45.0,,0,,https://www.depop.com/haydensmith209/,
@dripresold,957.0,149,41,https://instagram.com/drip.resold,https://www.depop.com/dripresold/,NO Returns/FREE NEXT DAY DELIVERYğŸ“¦//TRUSTED SELLERâœ…// ALLOW UP TO 14 DAYS ğŸšš
@whitewine,7770.0,1943,996,https://instagram.com/whitewinestreetwear,https://www.depop.com/whitewine/,"âš ï¸ NEXT POST MONDAY 6TH NOVEMBER âš ï¸
Sustainable Fashion & Packaging â™»ï¸
Vintage Shoes worn at Buyers Risk ğŸ‘Ÿ 
No Returns ğŸ“¦"
@peppibrown,2692.0,155,130,,https://www.depop.com/peppibrown/,Free Royal Mail UkğŸ“¬ğŸ“No ReturnsğŸ“No SwapsğŸ“Offers available on multi buysğŸ“Depop Payments onlyâ—ï¸
@robertokhalif,69.0,41,35,,https://www.depop.com/robertokhalif/,AUTHENTIC ITEMS ONLY / OPEN TO OFFERS ON ALL ITEMS / CAN DO BUNDLES ğŸ’¸ğŸ’¸ / NO RETURNS
@worldgonemad,18700.0,3416,1414,https://www.tiktok.com/@worldgonemadstore?_t=8bgewMC0Qby&_r=1,https://www.depop.com/worldgonemad/,"DONT GO MAD..SHOP VINTAGE 
Â£4 postage via Royal Mail tracked and signed ğŸ“¦"
@jslick,47.0,43,18,,https://www.depop.com/jslick/,ğŸ‡¬ğŸ‡§  Message me for more info. All items are 100% Authentic 
@wmurch97,225.0,52,17,,https://www.depop.com/wmurch97/,"Everything being sold is 100% AUTHENTIC, more images can be provided, track/signed for deliveryğŸ“¦  no refunds, that is long bruh"
@ninachan,437.0,69,29,,https://www.depop.com/ninachan/,Sending from London ğŸ‡¬ğŸ‡§ No Returns No RefundğŸ‘†ğŸ»
@jame_k2214,2.0,,0,,https://www.depop.com/jame_k2214/,
@yoshi_garmz,11.0,,0,,https://www.depop.com/yoshi_garmz/,Reselling my slightly used sneakers to find funds for School. Authentic Sneakers for less
@jglews,268.0,219,108,,https://www.depop.com/jglews/,Away and unable to ship until Monday 16th October
@jaaackmichaelr,468.0,54,35,,https://www.depop.com/jaaackmichaelr/,Fast replies & even faster deliveries. Open to offers. ğŸ’ğŸ‘“
@seb1509,60.0,6,13,,https://www.depop.com/seb1509/,Having a clear out. Trade or cash price on all pieces! All items come with proof of purchase and will be shipped next day
@kairododd,140.0,44,42,https://www.instagram.com/kairododd,https://www.depop.com/kairododd/,Birmingham / Nottingham ğŸ“                                                                     Message me on insta
@calgorman,49.0,12,4,,https://www.depop.com/calgorman/,"Message me before buying 
Any queries or questions you have, donâ€™t hesitate to ask ğŸ‘ŒğŸ½ no refunds "
@brgarms,502.0,122,63,,https://www.depop.com/brgarms/,Second hand and new items. Next day delivery ğŸš€
@suppliedby,742.0,398,205,https://instagram.com/suppliedby4,https://www.depop.com/suppliedby/,"NO RETURNS, NO REFUNDS, NO TRADES âŒ"
@joseofnazereth,1752.0,148,181,,https://www.depop.com/joseofnazereth/,"NO REFUNDS !!!                                
            Fast shipping ğŸ§³"
@nishshop,677.0,128,62,https://www.instagram.com/nish.shop.23/,https://www.depop.com/nishshop/,"ğŸ¤™ğŸ¼ BUY | SELL | TRADE new and pre-owned sneakers
ğŸ§¢ Premium Clothing
ğŸ“ Based in the North
DONâ€™T ask our lowest, make an offer"
@issyhshop,4460.0,326,202,,https://www.depop.com/issyhshop/,ONLY 5* REVIEWS. ALL ITEMS ARE AUTHENTIC. NO RETURNS/REFUNDS/SWAPS
@katiebooth,345.0,139,90,,https://www.depop.com/katiebooth/,"Unfortunately no refunds, swaps or returns."
@morganelrick22,19.0,20,7,,https://www.depop.com/morganelrick22/,
@cgilroy10,1.0,,2,,https://www.depop.com/cgilroy10/,
@ajusnkrsltd,49.0,32,12,https://instagram.com/ajusnkrsltd,https://www.depop.com/ajusnkrsltd/,"ğŸŸ£ | Sneakers & Clothing
ğŸŸ£ | Authentic guaranteed
ğŸŸ£ | Next day delivery
ğŸŸ£ | Suffolk/Leeds based
ğŸŸ£ | Answer all DMs"
@lewisgard,12.0,,3,,https://www.depop.com/lewisgard/,
@matthewcullerton,48.0,24,17,,https://www.depop.com/matthewcullerton/,ğŸ´ó §ó ¢ó ³ó £ó ´ó ¿ - No Refunds
@frankiewaugh_,565.0,128,93,https://instagram.com/frankiewaugh?igshid=vn39sztzffd8,https://www.depop.com/frankiewaugh_/,ğŸ•·
@jgray_,52.0,,0,https://instagram.com/joshgrayx,https://www.depop.com/jgray_/,Some pieces I really like but gotta clear for some new bits Iâ€™ve bought ğŸ‘•ğŸ“¸ğŸ‘–ğŸ¥¼ joshgraywork@gmail.com
@nicoletaylor_2,25.0,12,4,,https://www.depop.com/nicoletaylor_2/,
@dpccpd,1.0,,1,,https://www.depop.com/dpccpd/,
@danielclark2006,6.0,,1,,https://www.depop.com/danielclark2006/,
@framedshop,13000.0,19843,7091,,https://www.depop.com/framedshop/,"ğŸ‡¬ğŸ‡§ Free UK Shipping 
ğŸŒ International Postage Available 
âœ… All Items Instant Buy
Filter Your Size Top Right Button on App â¬†ï¸"
@lukecom_07,93.0,26,17,https://instagram.com/luke_comiskeyy?igshid=YmMyMTA2M2Y=,https://www.depop.com/lukecom_07/,Text me if interested. Selling items that no longer fit me or I donâ€™t wear very much. No returns
@richarchive,4500.0,334,123,https://www.instagram.com/rich.archive/,https://www.depop.com/richarchive/,"-Established 16th MAR 2021
- ALL ITEMS ARE AVAILABLE! First come first serve âšœï¸
-INSTANT BUY is ON ğŸ›’."
@ohlclothing,387.0,96,50,https://www.instagram.com/ollylaidlaw/,https://www.depop.com/ohlclothing/,UK shipping only                                                          no refunds/returns
@fcleary15,52.0,10,2,,https://www.depop.com/fcleary15/,Belfast Based ğŸ‡®ğŸ‡ª  Open to offers ğŸ‘ Not responsible after postageâŒ
@ashl3yauld,1590.0,263,167,https://instagram.com/ashl3yauld,https://www.depop.com/ashl3yauld/,EVERYTHING REDUCED!!! NEED EVERYTHING GONE ASAP!!
@tungle,230.0,16,7,,https://www.depop.com/tungle/,All sales are final. All items next day dispatch with Evri or Royal Mail. Please message before buying
@t0bytay1or,1300.0,159,121,https://instagram.com/2biastay?igshid=NzZlODBkYWE4Ng%3D%3D&utm_source=qr,https://www.depop.com/t0bytay1or/,
@jackgk,1290.0,168,48,,https://www.depop.com/jackgk/,"Quick Postage, Bundle Deals Available ğŸŒŸ"
@danielkinsella,11000.0,641,264,https://www.eliteheatstore.com,https://www.depop.com/danielkinsella/,"All authentic items posted
UK Based. Worldwide postage(DM for international postage price)
*Payment through Depop payments only*"
@edblake,389.0,74,43,,https://www.depop.com/edblake/,Message me offers
@owencxtley,78.0,30,12,,https://www.depop.com/owencxtley/,"Designer items. All 100% real. All in great condition, just not needed anymore. - No refunds. No swaps. No discounts. -"
@adamapple96,341.0,31,70,,https://www.depop.com/adamapple96/,"UK based seller, unreal items availableğŸ”¥ no refunds or returns"
@hahijki,36.0,12,7,,https://www.depop.com/hahijki/,message me if interested or want discountğŸ™â˜ ï¸ also paypal payments are preferred ğŸ‘
@spot1,11.0,15,6,,https://www.depop.com/spot1/,Quick! Get it before someone else does. No Refunds
@monzobby,8.0,,1,,https://www.depop.com/monzobby/,
@garmzuk2023,18.0,25,12,,https://www.depop.com/garmzuk2023/,âœ…UKAUTHENTICâœ…âŒâŒBEST PRICE ON HEREâŒâŒDM ME FOR ANY QUESTIONSâ€¼ï¸ DROPS ASAPğŸš˜ NO RETURNSğŸ‘
@gianniamosu,5.0,,3,,https://www.depop.com/gianniamosu/,
@mdemaine,6909.0,186,76,https://www.instagram.com/maddiedemaine/?hl=en,https://www.depop.com/mdemaine/,
@fleecez,1397.0,216,176,,https://www.depop.com/fleecez/,#stopinterestchecks                                                 no returns âœŒï¸
@senamdz,7.0,,3,,https://www.depop.com/senamdz/,"Open to any offers. Just send a message, any enquires will be answered"
@str8juggin100k,799.0,114,58,,https://www.depop.com/str8juggin100k/,| Streetwise supplier ğŸ‘• | All items are 100% Authentic âœ…  | No refunds âŒ
@nb_soleclub,1230.0,138,55,,https://www.depop.com/nb_soleclub/,New Balance ğŸ‘Ÿ Mens & womanâ€™s. Provide an engaging service. All shoes are authentic - have receipts ğŸ§¾ Reputable trusted seller.
@tb_ninetees,10200.0,5725,1820,https://www.instagram.com/tbninetees,https://www.depop.com/tb_ninetees/,"ğŸŒŠ 90s+ STREET, SURF & SPORTSWEAR
ğŸŒ´ Handpicked & Curated 
ğŸ’š Eco-Packaging

ğŸ” WE LOVE BUNDLES - search #timmybs90s to filter"
@t9s6,5.0,19,15,,https://www.depop.com/t9s6/,pls dont bother wasting my time with lowballs or nonsense questions you will be blocked
@antipodean,8014.0,2122,722,https://www.instagram.com/antipodian_,https://www.depop.com/antipodean/,"ğŸª¡ Carefully curated vintage/minimalist                 
ğŸ· Bundle deals
ğŸ“¦ Post next day/no returns 
â™»ï¸ Compostable packaging"
@jackal_london,105.0,38,20,https://www.instagram.com/jay.dbd,https://www.depop.com/jackal_london/,Custom made Clothing ğŸ§¶ Limited piecesğŸ’¥ Exclusive drip ğŸ’¦ Wavey Accessories ğŸŒŠ Street wearğŸš¦
@asylumsneakers1,679.0,163,46,https://www.instagram.com/asylum.sneakers/,https://www.depop.com/asylumsneakers1/,Brum based âœ… 100% authentic ğŸ’¯ No returns ğŸ”Œ
@jordanp_69,53.0,8,7,,https://www.depop.com/jordanp_69/,
@mahon_,27.0,,6,,https://www.depop.com/mahon_/,Free shipping on all purchases ğŸšš No refunds âŒ
@moos,197.0,21,23,,https://www.depop.com/moos/,ğŸ–¤ make me offers. no trades/returns/refunds ğŸ–¤
@peterbur,1.0,,1,,https://www.depop.com/peterbur/,
@gregorygriffiths,1.0,9,3,,https://www.depop.com/gregorygriffiths/,
@luke_f92,134.0,25,89,,https://www.depop.com/luke_f92/,Insta- fairhurst_luke92
@e_tcy,7.0,6,1,,https://www.depop.com/e_tcy/,
@asourcedit77,1.0,22,2,,https://www.depop.com/asourcedit77/,UK BASED ğŸ“ SAME/NEXT WORKING DAY DISPATCH ğŸ“¦ All Prices Negotiable ğŸ“²
@razorramon,381.0,61,43,,https://www.depop.com/razorramon/,Message before buying                                                No refunds/returns
@joesmith7,19.0,9,8,,https://www.depop.com/joesmith7/,Will consider reasonable offers
@jerseycenter,147.0,81,20,,https://www.depop.com/jerseycenter/,Street wear - vintage and new - message with questions and offers ğŸ¤
@everythinggravy,314.0,37,21,,https://www.depop.com/everythinggravy/,ğŸ‘Ÿ ğŸ”¥
@finsfabrics,4437.0,1147,509,https://instagram.com/finsfabrics,https://www.depop.com/finsfabrics/,"ğŸ•µğŸ»â€â™‚ï¸Authentic streetwear & designer
ğŸ”—Tracked 48 hour postage
ğŸ—Worldwide shipping
ğŸ—¯No returns"
@gofor4thelow,132.0,21,8,https://SaleUntil20th.co.uk,https://www.depop.com/gofor4thelow/,"Designer At A Discounted Price, âš¡ï¸No Refunds/Return Through Depop Payments Only ğŸ¤"
@axmun,54.0,8,5,,https://www.depop.com/axmun/,
@garmsoclock1,488.0,70,37,https://instagram.com/garmsoclock?igshid=MjEwN2IyYWYwYw==,https://www.depop.com/garmsoclock1/,"ğŸŒ´Cheap Shipping On All Items In UKğŸŒ´
ğŸFast Reliable ShippingğŸ
ğŸŒ²Cheap Prices & Good Deals ğŸŒ²"
@geddsie,744.0,124,84,https://instagram.com/w1llgeddes,https://www.depop.com/geddsie/,100% authentic FREE SHIPPINGğŸ™ˆğŸ˜ğŸ˜ğŸ˜ğŸ˜ğŸ˜                 #buymyshi
@eyydiablo,334.0,95,102,,https://www.depop.com/eyydiablo/,Uk only ğŸ‡¬ğŸ‡§ No returns
@mrsbing,3759.0,432,306,,https://www.depop.com/mrsbing/,no refunds or swaps â€¢ UK shipping only â€¢ model 5â€™5 â€¢ offers on bundles
@jimox,340.0,250,128,https://linktr.ee/GalaxyJ,https://www.depop.com/jimox/,"Peace of Mind service - Trusted Seller -
Things I no longer need - Authentic - no refunds, exchanges âœ… All best prices in link"
@kevinlong11,39.0,15,7,,https://www.depop.com/kevinlong11/,
@matthewjackson16,391.0,29,48,,https://www.depop.com/matthewjackson16/,"delivery only - dm with any questions  and offers, prices are usually flexible :)"
@mxtch98,7.0,13,2,,https://www.depop.com/mxtch98/,Menâ€™s clothes. Medium/Large
@frith_store,513.0,116,64,https://instagram.com/frith_gram,https://www.depop.com/frith_store/,"Needles, Brain Dead, Bape, comme des garcons, Patta, OVO, Stussy, Nike, Adidas, Supreme, BBC, Maharishi & more"
@0nslow,477.0,496,272,,https://www.depop.com/0nslow/,âœ–ï¸âœ–ï¸âœ–ï¸open to offers - no swaps or refunds acceptedâœ–ï¸âœ–ï¸âœ–ï¸
@jjjjakee,15.0,33,10,,https://www.depop.com/jjjjakee/,Message for measurements. Will bundle shipping. Open to offers. Footwear UK 9. L / XL jackets. 32/34 waist. 24 track shipping RM
@jackson11013,7.0,22,7,,https://www.depop.com/jackson11013/,"Active daily. Accept most offers, always willing to negotiate - No refunds"
@fvye,6575.0,372,190,https://instagram.com/ffvye,https://www.depop.com/fvye/,
@theostephensonn,115.0,67,15,,https://www.depop.com/theostephensonn/,
@fordgarmz,21400.0,2066,1194,https://www.fordgarmz.co.uk,https://www.depop.com/fordgarmz/,"Authentic Vintage Designer & Streetwear 

Worldwide Shipping 

Website below! â¬‡ï¸"
@joelhoult01,119.0,46,47,https://instagram.com/joelhoult01,https://www.depop.com/joelhoult01/,Will listen to reasonable trades and offersğŸ˜. Items shipped day of purchase.                                 No Returns.
@maxhh,100.0,70,35,,https://www.depop.com/maxhh/,| LONDON | NO RETURNS OR REFUNDS | NO TRADES OR OFFERS ğŸï¸ SHIPPING ON 2ND NOV / SALE UNTIL THEN ğŸï¸
@olliegee1,171.0,21,18,,https://www.depop.com/olliegee1/,"Mainly selling rare Y2K Hip-Hop & bball brands imported from US in 00s ğŸ‡ºğŸ‡¸ğŸ‡ºğŸ‡¸ğŸ‡ºğŸ‡¸ğŸ›’

Next drop coming very soon"
@jimearchive,1512.0,161,62,https://instagram.com/jamesedgings,https://www.depop.com/jimearchive/,"6 foot 1 & 80kg
Message me before buying. 
No reserves or returns."
@csourcedituk,311.0,39,37,https://instagram.com/c.sourcedit?igshid=MzRlODBiNWFlZA==,https://www.depop.com/csourcedituk/,"ğŸ“| Cardiff
ğŸŒ| UK Postage Only 
Â©ï¸| 100% Authentic Streetwear"
@garmicity,263.0,41,25,,https://www.depop.com/garmicity/,"10% off on most items. London based. Open to offers, no returns/refunds. Feel free to message me."
@crepcheques21,1970.0,21,3,,https://www.depop.com/crepcheques21/,UK based sneaker reseller ğŸ‘Ÿ @crepcheques_ on Instagram! NO RETURNS - NEXT DAY DELIVERY - AUTHENTICITY GUARANTEED
@scottclarke10,659.0,63,55,,https://www.depop.com/scottclarke10/,
@haych188,130.0,18,9,,https://www.depop.com/haych188/,"Authentic designer clothing & shoes âœ…ğŸ›
All garments in fantastic conditionğŸ‘ŒğŸ»
No refundsâ€¼ï¸"
