Seller Name,# Depop Followers,# Items Sold,# Reviews,Star Rating,Social Media Link,Depop Store Link
@ricksretro,"67,400 ","23,472 ","11,456 ",5,http://www.RicksRetro.co.uk,https://www.depop.com/ricksretro/
@framedshop,"13,000 ","19,843 ","7,090 ",4.85,,https://www.depop.com/framedshop/
@twinklecouture,"30,800 ","14,031 ","7,340 ",5,https://www.instagram.com/twinklecouture/,https://www.depop.com/twinklecouture/
@weargarson,"92,700 ","9,098 ","3,618 ",4.9,https://www.instagram.com/weargarson/,https://www.depop.com/weargarson/
@johnsvintage,"50,400 ","7,340 ","3,158 ",4.7,https://instagram.com/johnsvintage,https://www.depop.com/johnsvintage/
@bensbits,"38,400 ","5,933 ","2,498 ",4.95,http://Instagram.com/bensbits_,https://www.depop.com/bensbits/
@tb_ninetees,"10,200 ","5,725 ","1,820 ",5,https://www.instagram.com/tbninetees,https://www.depop.com/tb_ninetees/
@ragzforlife,"11,500 ","5,090 ","1,593 ",5,https://instagram.com/ragzforlife,https://www.depop.com/ragzforlife/
@loose___threads,"17,000 ","3,991 ","1,499 ",4.9,,https://www.depop.com/loose___threads/
@kentarovintage,"21,800 ","3,634 ","1,874 ",4.95,https://www.instagram.com/kentarovintage/?hl=en,https://www.depop.com/kentarovintage/
@worldgonemad,"18,700 ","3,417 ","1,414 ",4.55,https://www.tiktok.com/@worldgonemadstore?_t=8bgewMC0Qby&_r=1,https://www.depop.com/worldgonemad/
@gonzsgarms,"55,900 ","3,222 ","1,303 ",5,https://instagram.com/gonzsgarms_?igshid=OGQ5ZDc2ODk2ZA%3D%3D&utm_source=qr,https://www.depop.com/gonzsgarms/
@jpillas42,"35,400 ","3,071 ","1,527 ",5,https://instagram.com/johannpillas,https://www.depop.com/jpillas42/
@harveybetts_garms,"10,200 ","2,792 ","1,806 ",5,,https://www.depop.com/harveybetts_garms/
@imasher,"5,678 ","2,745 ","1,291 ",4.7,,https://www.depop.com/imasher/
@pascaleeliza,"59,000 ","2,525 ","1,261 ",5,https://www.pascaleeliza.com,https://www.depop.com/pascaleeliza/
@urbanmassif,"59,500 ","2,515 ","1,877 ",5,http://Instagram.com/urbanmassif,https://www.depop.com/urbanmassif/
@misternmiss,"11,400 ","2,443 ","1,577 ",4.95,http://www.misternmiss.com,https://www.depop.com/misternmiss/
@drshoell,"26,100 ","2,435 ",622 ,4.75,https://tiktok.com/@drshoellondepop?_t=8bLg1UBcM6v&_r=1,https://www.depop.com/drshoell/
@jbswardrobe,"8,821 ","2,380 ","1,122 ",5,https://instagram.com/_jbswardrobe,https://www.depop.com/jbswardrobe/
@stingrayvintage,"3,218 ","2,264 ",754 ,4.95,https://linktr.ee/stingrayvintage,https://www.depop.com/stingrayvintage/
@phoenixvintage_,"18,400 ","2,123 ",911 ,5,https://www.instagram.com/phoenixvintage__/,https://www.depop.com/phoenixvintage_/
@antipodean,"8,014 ","2,122 ",722 ,5,https://www.instagram.com/antipodian_,https://www.depop.com/antipodean/
@siplummer,"16,700 ","2,107 ","1,302 ",4.8,https://instagram.com/pdg_archive,https://www.depop.com/siplummer/
@fordgarmz,"21,400 ","2,066 ","1,194 ",4.55,https://www.fordgarmz.co.uk,https://www.depop.com/fordgarmz/
@whitewine,"7,770 ","1,943 ",996 ,4.9,https://instagram.com/whitewinestreetwear,https://www.depop.com/whitewine/
@freezysarchive,"3,803 ","1,929 ","1,340 ",5,,https://www.depop.com/freezysarchive/
@viaduct,"9,250 ","1,884 ",632 ,4.55,,https://www.depop.com/viaduct/
@bitsnpiecess,"5,776 ","1,831 ","1,216 ",5,https://www.instagram.com/bitsnpiecessuk,https://www.depop.com/bitsnpiecess/
@bathvintage,511 ,"1,781 ",350 ,4.1,,https://www.depop.com/bathvintage/
@dedicateddrip,"18,200 ","1,633 ",965 ,4.7,https://www.instagram.com/dedictdstudio,https://www.depop.com/dedicateddrip/
@af1girl,"7,987 ","1,626 ",690 ,5,https://www.instagram.com/airforce1girl/,https://www.depop.com/af1girl/
@nowmillennial,"29,700 ","1,476 ",408 ,4.8,https://www.instagram.com/nowmillennial/,https://www.depop.com/nowmillennial/
@bythepeace,"14,000 ","1,451 ",611 ,4.55,https://instagram.com/bythepeace,https://www.depop.com/bythepeace/
@wavyting,"11,500 ","1,449 ",685 ,5,https://www.instagram.com/wavyting/,https://www.depop.com/wavyting/
@cloudninearchive,"18,500 ","1,441 ",568 ,4.85,https://www.instagram.com/cloudninearchive,https://www.depop.com/cloudninearchive/
@dragonsneakers,"4,053 ","1,438 ",682 ,5,,https://www.depop.com/dragonsneakers/
@quality4people0nline,"5,416 ","1,315 ",706 ,4.8,https://www.ebay.co.uk/usr/quality4people0nline,https://www.depop.com/quality4people0nline/
@2ndchancecollective,"4,542 ","1,297 ",651 ,5,https://instagram.com/2ndchancecollective,https://www.depop.com/2ndchancecollective/
@rickztp1,"2,782 ","1,265 ",788 ,5,,https://www.depop.com/rickztp1/
@fussyarchive,"2,102 ","1,256 ",276 ,4.9,https://www.instagram.com/fussyarchive/,https://www.depop.com/fussyarchive/
@japexclothing,"15,300 ","1,228 ",337 ,4.15,,https://www.depop.com/japexclothing/
@dripbydams,"2,947 ","1,213 ",444 ,4.8,http://instagram.com/dripbydams,https://www.depop.com/dripbydams/
@finsfabrics,"4,437 ","1,147 ",509 ,4.95,https://instagram.com/finsfabrics,https://www.depop.com/finsfabrics/
@kre8customs,"12,500 ","1,107 ",612 ,4.3,https://www.instagram.com/kre8.lucy,https://www.depop.com/kre8customs/
@sophiepow,"13,000 ","1,102 ",640 ,5,https://instagram.com/sophiepowles,https://www.depop.com/sophiepow/
@archived_air,"3,879 ","1,082 ",602 ,4.95,https://www.instagram.com/archived_air/?hl=en,https://www.depop.com/archived_air/
@sarcus,"6,824 ","1,080 ",614 ,4.95,http://Instagram.com/sarcusnevarc,https://www.depop.com/sarcus/
@steezwear_garms,"3,598 ","1,068 ",319 ,4.85,,https://www.depop.com/steezwear_garms/
@lewkicks_,"4,238 ","1,063 ",604 ,4.75,https://instagram.com/lewkicks_,https://www.depop.com/lewkicks_/
@amte,"3,120 ","1,043 ",443 ,5,https://airmaxte.com/,https://www.depop.com/amte/
@carolinaheeschen,"2,668 ","1,027 ",658 ,5,https://instagram.com/carolina.heeschenn,https://www.depop.com/carolinaheeschen/
@crepsandclothin,"2,790 ","1,026 ",630 ,4.95,,https://www.depop.com/crepsandclothin/
@356clobba,"2,739 ","1,002 ",487 ,4.8,https://instagram.com/365clobba,https://www.depop.com/356clobba/
@erbilsports,"1,224 ",947 ,393 ,5,,https://www.depop.com/erbilsports/
@docsandstuff,"5,550 ",946 ,437 ,5,,https://www.depop.com/docsandstuff/
@secondarysystems,"1,114 ",940 ,360 ,5,https://instagram.com/wh1teacre,https://www.depop.com/secondarysystems/
@solematemcr,"4,385 ",933 ,254 ,5,https://www.instagram.com/solemate_mcr,https://www.depop.com/solematemcr/
@joeyano7,"2,650 ",916 ,591 ,4.95,https://www.instagram.com/joeehilton/,https://www.depop.com/joeyano7/
@casualstrainersandclothing,"1,164 ",887 ,199 ,3.2,,https://www.depop.com/casualstrainersandclothing/
@bomosbits,"2,537 ",879 ,477 ,5,https://www.instagram.com/bomos.bits/,https://www.depop.com/bomosbits/
@luxcentral_,"7,672 ",865 ,448 ,5,https://www.instagram.com/luxcentral_/,https://www.depop.com/luxcentral_/
@churchlaneco,"3,186 ",826 ,333 ,5,,https://www.depop.com/churchlaneco/
@lindseylambcollections,"2,824 ",815 ,561 ,5,https://www.instagram.com/lindseyLambCollections,https://www.depop.com/lindseylambcollections/
@oagairmax,"2,605 ",809 ,244 ,4.75,https://linktr.ee/oagairmax,https://www.depop.com/oagairmax/
@douglas_den,"9,373 ",797 ,355 ,4.95,,https://www.depop.com/douglas_den/
@southcoastshoesupply,"5,552 ",772 ,802 ,5,https://www.instagram.com/southcoastshoesupply,https://www.depop.com/southcoastshoesupply/
@wevegotsole,"1,700 ",763 ,365 ,5,https://instagram.com/wevegotsoleltd,https://www.depop.com/wevegotsole/
@ianmorris1002,"3,001 ",755 ,638 ,5,,https://www.depop.com/ianmorris1002/
@skatewaves,"1,184 ",731 ,219 ,4.95,,https://www.depop.com/skatewaves/
@tobias_lynch11,"1,661 ",713 ,356 ,5,https://www.instagram.com/zestygarms,https://www.depop.com/tobias_lynch11/
@tailwindvintage,"2,440 ",711 ,232 ,5,https://instagram.com/tailwindvintage,https://www.depop.com/tailwindvintage/
@caraloula1,"2,066 ",703 ,316 ,5,,https://www.depop.com/caraloula1/
@herves,258 ,703,326 ,5,,https://www.depop.com/herves/
@flykicksofficial,"3,962 ",686 ,266 ,5,https://instagram.com/flykicksofficial,https://www.depop.com/flykicksofficial/
@ash2501,"30,600 ",678 ,273 ,4.65,,https://www.depop.com/ash2501/
@archiesrchive,"2,532 ",673 ,309 ,4.8,https://www.instagram.com/archiesrchive,https://www.depop.com/archiesrchive/
@garage_garments,"1,538 ",647 ,254 ,4.75,,https://www.depop.com/garage_garments/
@danielkinsella,"11,000 ",641 ,264 ,4.95,https://www.eliteheatstore.com,https://www.depop.com/danielkinsella/
@ocjosh,"1,210 ",622 ,256 ,5,https://instagram.com/ocjoshshop,https://www.depop.com/ocjosh/
@mattarchive,"6,157 ",621 ,273 ,4.95,https://www.instagram.com/24s.mm/,https://www.depop.com/mattarchive/
@jayne040784,"3,170 ",601 ,340 ,5,,https://www.depop.com/jayne040784/
@emmarhodes,823 ,587,286 ,5,,https://www.depop.com/emmarhodes/
@maxamydus,"11,000 ",573 ,466 ,5,http://www.max-merch.com,https://www.depop.com/maxamydus/
@oldskool_gear,"10,200 ",543 ,378 ,4.95,https://instagram.com/oldskool_gear?utm_medium=copy_link,https://www.depop.com/oldskool_gear/
@payne1968,346 ,539,132 ,5,,https://www.depop.com/payne1968/
@mrreef,"5,706 ",533 ,240 ,4.6,,https://www.depop.com/mrreef/
@totalespasmodic,884 ,523,266 ,5,https://instagram.com/sambunting1988,https://www.depop.com/totalespasmodic/
@satiricalhaz,"9,595 ",521 ,361 ,4.75,,https://www.depop.com/satiricalhaz/
@jhkicks_,"7,089 ",519 ,262 ,5,https://instagram.com/jhkicks_mcr,https://www.depop.com/jhkicks_/
@ofoulger,363 ,512,218 ,5,,https://www.depop.com/ofoulger/
@kicksklothes,"10,300 ",504 ,228 ,4.95,https://Instagram.com/kicks.klothes,https://www.depop.com/kicksklothes/
@jst0ck,"6,655 ",499 ,361 ,5,,https://www.depop.com/jst0ck/
@hashtagvintageclothing,"12,300 ",493 ,168 ,5,https://www.hashtagvintageclothing.com,https://www.depop.com/hashtagvintageclothing/
@jordanabai,"15,100 ",487 ,275 ,4.9,https://www.instagram.com/jordzbai/?hl=en,https://www.depop.com/jordanabai/
@kandaina,"8,910 ",485 ,270 ,5,http://instagram.com/elocyror,https://www.depop.com/kandaina/
@aircollective,"1,078 ",478 ,209 ,4.95,,https://www.depop.com/aircollective/
@adamjbairstow,563 ,470,299 ,4.95,http://instagram.com/adam_bairstow/,https://www.depop.com/adamjbairstow/
@kicksonfire_1129,769 ,460,225 ,5,https://instagram.com/kicks_my_ass_store,https://www.depop.com/kicksonfire_1129/
@ltd_finds,"10,600 ",444 ,184 ,5,,https://www.depop.com/ltd_finds/
@goodgirlriri,"1,714 ",433 ,258 ,5,,https://www.depop.com/goodgirlriri/
@mrsbing,"3,759 ",432 ,306 ,5,,https://www.depop.com/mrsbing/
@stevejamesmenswear,"3,073 ",418 ,410 ,5,http://www.Instagram.com/SteveJamesMenswear_,https://www.depop.com/stevejamesmenswear/
@magikbrandz,348 ,408,222 ,5,,https://www.depop.com/magikbrandz/
@suppliedby,742 ,398,205 ,4.75,https://instagram.com/suppliedby4,https://www.depop.com/suppliedby/
@theclobastore,"9,867 ",380 ,204 ,5,,https://www.depop.com/theclobastore/
@archive45,621 ,379,105 ,4.95,https://www.instagram.com/joebulllough/,https://www.depop.com/archive45/
@deetzarchive,"3,378 ",378 ,163 ,4.8,https://instagram.com/deetz.archive,https://www.depop.com/deetzarchive/
@tcacreative,"2,485 ",376 ,250 ,5,https://www.tcacreative.co.uk/shop,https://www.depop.com/tcacreative/
@fvye,"6,575 ",372 ,190 ,5,https://instagram.com/ffvye,https://www.depop.com/fvye/
@naughtynewman,"2,641 ",371 ,271 ,5,https://www.instagram.com/naughty_newman/,https://www.depop.com/naughtynewman/
@mattyknightdx,982 ,358 ,223 ,5,,https://www.depop.com/mattyknightdx/
@limberti,"19,700 ",346 ,296 ,5,,https://www.depop.com/limberti/
@garmsoup,219 ,337,144 ,4.8,,https://www.depop.com/garmsoup/
@enouementvintage,"3,069 ",336 ,159 ,5,https://www.instagram.com/enouementvintage/,https://www.depop.com/enouementvintage/
@nata_bielecka,"10,500 ",335 ,285 ,4.95,,https://www.depop.com/nata_bielecka/
@richarchive,"4,499 ",334 ,123 ,4.75,https://www.instagram.com/rich.archive/,https://www.depop.com/richarchive/
@jbarker4,"1,548 ",334 ,400 ,5,,https://www.depop.com/jbarker4/
@bmsupply,"2,679 ",333 ,171 ,5,https://www.instagram.com/cb_streetwear,https://www.depop.com/bmsupply/
@issyhshop,"4,460 ",326 ,202 ,5,,https://www.depop.com/issyhshop/
@karloskargo,"3,020 ",326 ,204 ,4.9,https://www.instagram.com/karlos.kargo/,https://www.depop.com/karloskargo/
@circularmarket,"1,581 ",325 ,123 ,5,,https://www.depop.com/circularmarket/
@keepingthestyles,"2,268 ",324 ,70 ,4.8,https://instagram.com/keepingthestyle,https://www.depop.com/keepingthestyles/
@jacobharveyy,"9,487 ",319 ,129 ,4.95,,https://www.depop.com/jacobharveyy/
@shoedeli,"16,000 ",311 ,346 ,5,https://linktr.ee/ShoeDeli,https://www.depop.com/shoedeli/
@anthonyylee,994 ,308 ,154 ,5,,https://www.depop.com/anthonyylee/
@fresh_pair_of_creps,"2,656 ",307 ,198 ,4.8,,https://www.depop.com/fresh_pair_of_creps/
@indigostate,"1,893 ",307 ,200 ,5,,https://www.depop.com/indigostate/
@ashtonsattire,"1,831 ",300 ,159 ,4.9,https://instagram.com/ashtons.attire,https://www.depop.com/ashtonsattire/
@trsure,"21,900 ",295 ,113 ,4.85,,https://www.depop.com/trsure/
@j11mmy,529 ,289,219 ,4.95,,https://www.depop.com/j11mmy/
@evriday_attire,841 ,287,111 ,4.95,,https://www.depop.com/evriday_attire/
@17collective,"3,704 ",286 ,184 ,5,https://instagram.com/17.collective,https://www.depop.com/17collective/
@tsunamistores,"1,132 ",278 ,120 ,4.45,https://www.instagram.com/tsunamistores_uk/,https://www.depop.com/tsunamistores/
@itsanchana,"1,631 ",273 ,110 ,5,https://www.instagram.com/itsanchana,https://www.depop.com/itsanchana/
@julienkirk,"1,739 ",264 ,279 ,5,https://www.instagram.com/julien_kirk/,https://www.depop.com/julienkirk/
@ashl3yauld,"1,590 ",263 ,167 ,4.95,https://instagram.com/ashl3yauld,https://www.depop.com/ashl3yauld/
@albertomunez,915 ,262 ,112 ,4.9,,https://www.depop.com/albertomunez/
@trustedsolesuk,"1,209 ",259 ,124 ,4.95,https://www.instagram.com/trustedsolesuk,https://www.depop.com/trustedsolesuk/
@stepping_correctuk,620 ,259,55 ,5,https://www.steppingcorrect.com/shop,https://www.depop.com/stepping_correctuk/
@busy__dreaming,"7,529 ",253 ,171 ,4.95,https://instagram.com/busy__dreaming,https://www.depop.com/busy__dreaming/
@hhikes,"2,436 ",250 ,206 ,5,,https://www.depop.com/hhikes/
@jimox,340 ,250,128 ,5,https://linktr.ee/GalaxyJ,https://www.depop.com/jimox/
@tbatesss,353 ,245,124 ,4.9,,https://www.depop.com/tbatesss/
@mkmoda,"5,228 ",238 ,130 ,4.95,,https://www.depop.com/mkmoda/
@jawsell,160 ,238,185 ,5,https://instagram.com/jawselling,https://www.depop.com/jawsell/
@solegallerymcr,"2,853 ",235 ,185 ,4.95,,https://www.depop.com/solegallerymcr/
@millenial_00,"2,199 ",232 ,169 ,5,https://www.instagram.com/millennial.co2017/,https://www.depop.com/millenial_00/
@1jonomarlow,918 ,231 ,125 ,5,,https://www.depop.com/1jonomarlow/
@_mindyp_,521 ,231,98 ,4.95,https://www.instagram.com/_mindyp_,https://www.depop.com/_mindyp_/
@charlienelson2,"4,338 ",230 ,119 ,5,,https://www.depop.com/charlienelson2/
@eleeng,"1,515 ",228 ,169 ,4.95,https://Collection_available_in_London,https://www.depop.com/eleeng/
@garmaholic,278 ,228,103 ,4.7,https://instagram.com/garmaholic,https://www.depop.com/garmaholic/
@firstclasskicks2,"2,048 ",226 ,113 ,5,https://instagram.com/1stclass.kicks?utm_medium=copy_link,https://www.depop.com/firstclasskicks2/
@wootton,145 ,221,125 ,4.75,,https://www.depop.com/wootton/
@bethscreps,557 ,219,118 ,5,,https://www.depop.com/bethscreps/
@jglews,268 ,219,108 ,5,,https://www.depop.com/jglews/
@fleecez,"1,397 ",216 ,176 ,5,,https://www.depop.com/fleecez/
@ewansshoes,459 ,216,125 ,4.95,,https://www.depop.com/ewansshoes/
@raheemtw,849 ,212,141 ,5,https://theconnectuk.com,https://www.depop.com/raheemtw/
@parasko,"1,708 ",207 ,163 ,5,,https://www.depop.com/parasko/
@vlonecologne,184 ,207,46 ,4.95,,https://www.depop.com/vlonecologne/
@mxdn,354 ,203,116 ,5,,https://www.depop.com/mxdn/
@rickys_collection,"5,317 ",197 ,221 ,4.9,https://instagram.com/asap__r1cky,https://www.depop.com/rickys_collection/
@loghanlee94,"1,488 ",194 ,101 ,5,,https://www.depop.com/loghanlee94/
@geli1,156 ,191,79 ,5,,https://www.depop.com/geli1/
@scruffypuffin,"1,458 ",190 ,78 ,5,https://www.scruffypuffin.co.uk,https://www.depop.com/scruffypuffin/
@ravi_96,"1,372 ",190 ,127 ,4.95,,https://www.depop.com/ravi_96/
@mdemaine,"6,909 ",186 ,76 ,5,https://www.instagram.com/maddiedemaine/?hl=en,https://www.depop.com/mdemaine/
@thesolesector,640 ,181,64 ,4.9,https://instagram.com/solesctr_,https://www.depop.com/thesolesector/
@vw39,305 ,179,115 ,5,,https://www.depop.com/vw39/
@betbetbettt,"22,700 ",175 ,85 ,5,https://www.instagram.com/betttencourt,https://www.depop.com/betbetbettt/
@hkgarments,"3,044 ",175 ,122 ,5,https://www.instagram.com/hk_garments/,https://www.depop.com/hkgarments/
@naddy_lee,664 ,175,146 ,5,,https://www.depop.com/naddy_lee/
@clothingvaultuk,438 ,173,84 ,5,https://www.instagram.com/clothingvaultuk,https://www.depop.com/clothingvaultuk/
@copfootwear,730 ,171,63 ,5,https://copfootwear.com,https://www.depop.com/copfootwear/
@pluxs,"7,296 ",170 ,55 ,4.95,https://instagram.com/pluxsources,https://www.depop.com/pluxs/
@rsssssssss,395 ,169,151 ,5,,https://www.depop.com/rsssssssss/
@jackgk,"1,290 ",168 ,48 ,4.95,,https://www.depop.com/jackgk/
@murph96,203 ,166,108 ,4.85,,https://www.depop.com/murph96/
@jek92,"2,225 ",165 ,92 ,4.95,,https://www.depop.com/jek92/
@asylumsneakers1,679 ,163,46 ,5,https://www.instagram.com/asylum.sneakers/,https://www.depop.com/asylumsneakers1/
@jn_collection,"6,011 ",162 ,218 ,5,https://instagram.com/joenicholson9,https://www.depop.com/jn_collection/
@jimearchive,"1,511 ",161 ,62 ,4.8,https://instagram.com/jamesedgings,https://www.depop.com/jimearchive/
@olivia0510,262 ,161,53 ,5,https://creativecustomkickss.com/collections/all,https://www.depop.com/olivia0510/
@tristanswardrobe,288 ,160,38 ,4.75,,https://www.depop.com/tristanswardrobe/
@t0bytay1or,"1,300 ",159 ,121 ,5,https://instagram.com/2biastay?igshid=NzZlODBkYWE4Ng%3D%3D&utm_source=qr,https://www.depop.com/t0bytay1or/
@lukemcluckie84,305 ,157,117 ,5,,https://www.depop.com/lukemcluckie84/
@oluwa10,299 ,157,132 ,4.95,https://depop.com/oluwa10,https://www.depop.com/oluwa10/
@10ers,702 ,156,63 ,5,https://instagram.com/pinkpigeonforever,https://www.depop.com/10ers/
@peppibrown,"2,692 ",155 ,130 ,5,,https://www.depop.com/peppibrown/
@95plug,919 ,154 ,79 ,5,,https://www.depop.com/95plug/
@hutherland,838 ,153,79 ,4.95,,https://www.depop.com/hutherland/
@calweath,352 ,150,118 ,4.95,,https://www.depop.com/calweath/
@dripresold,956 ,149 ,41 ,5,https://instagram.com/drip.resold,https://www.depop.com/dripresold/
@joseofnazereth,"1,752 ",148 ,181 ,4,,https://www.depop.com/joseofnazereth/
@savensafesneakers,365 ,148,95 ,4.95,https://instagram.com/msn3kers_?utm_medium=copy_link,https://www.depop.com/savensafesneakers/
@asebastian,160 ,148,100 ,5,,https://www.depop.com/asebastian/
@ezekielsasleep,623 ,146,73 ,5,https://instagram.com/ezicollect,https://www.depop.com/ezekielsasleep/
@m15collect,336 ,146,73 ,5,,https://www.depop.com/m15collect/
@christianhopper,"1,347 ",145 ,46 ,4.8,https://www.instagram.com/christianh0pper/,https://www.depop.com/christianhopper/
@chiiox,236 ,144,89 ,4.95,https://instagram.com/chii.ox,https://www.depop.com/chiiox/
@trainer_trafficker,435 ,143,72 ,5,,https://www.depop.com/trainer_trafficker/
@verygoodstore,538 ,140,97 ,5,https://youtu.be/mlE5jloXnhE,https://www.depop.com/verygoodstore/
@curtainschris,164 ,140,83 ,5,,https://www.depop.com/curtainschris/
@katiebooth,345 ,139,90 ,5,,https://www.depop.com/katiebooth/
@nb_soleclub,"1,230 ",138 ,55 ,5,,https://www.depop.com/nb_soleclub/
@olliew97,"1,670 ",136 ,66 ,5,,https://www.depop.com/olliew97/
@somethingbluemaybered,444 ,136,88 ,5,,https://www.depop.com/somethingbluemaybered/
@morgan12321,"1,061 ",135 ,176 ,5,,https://www.depop.com/morgan12321/
@ajatuch1,"1,606 ",133 ,113 ,4.9,http://www.instagram.com/ajatuchband,https://www.depop.com/ajatuch1/
@slamstore,275 ,132,67 ,5,,https://www.depop.com/slamstore/
@jedtrolley,"1,455 ",131 ,73 ,5,,https://www.depop.com/jedtrolley/
@tomwatts2611,692 ,128,72 ,4.8,,https://www.depop.com/tomwatts2611/
@nishshop,677 ,128,62 ,5,https://www.instagram.com/nish.shop.23/,https://www.depop.com/nishshop/
@frankiewaugh_,565 ,128,93 ,5,https://instagram.com/frankiewaugh?igshid=vn39sztzffd8,https://www.depop.com/frankiewaugh_/
@qualitsneaker,"5,611 ",124 ,75 ,5,https://www.instagram.com/qualitsneakers/,https://www.depop.com/qualitsneaker/
@geddsie,744 ,124,84 ,4.95,https://instagram.com/w1llgeddes,https://www.depop.com/geddsie/
@aia1105,218 ,124,72 ,5,,https://www.depop.com/aia1105/
@henryjones10,945 ,122 ,116 ,5,,https://www.depop.com/henryjones10/
@lsa_100,783 ,122,53 ,4.85,,https://www.depop.com/lsa_100/
@brgarms,502 ,122,63 ,4.35,,https://www.depop.com/brgarms/
@danwhitley4,272 ,120,71 ,4.95,,https://www.depop.com/danwhitley4/
@chris_s_ramos,128 ,120,94 ,5,https://www.instagram.com/chris_s_ramos,https://www.depop.com/chris_s_ramos/
@bees1991,73 ,120,55 ,5,,https://www.depop.com/bees1991/
@tomd1997,28 ,120,53 ,5,,https://www.depop.com/tomd1997/
@cremedelacrepes,"1,022 ",119 ,67 ,5,,https://www.depop.com/cremedelacrepes/
@monicajasmine_,386 ,119,74 ,5,https://www.instagram.com/monicajasmine_/,https://www.depop.com/monicajasmine_/
@charliemccausland,329 ,117,63 ,5,https://instagram.com/mcc.charlie,https://www.depop.com/charliemccausland/
@sheepzboi,"7,167 ",116 ,99 ,4.8,,https://www.depop.com/sheepzboi/
@tbd_customs,911 ,116 ,118 ,5,https://instagram.com/onyx_exclusives?igshid=YmMyMTA2M2Y=,https://www.depop.com/tbd_customs/
@cgrove26,65 ,116,62 ,5,,https://www.depop.com/cgrove26/
@annstr12,121 ,115,14 ,5,https://instagram.com/annstr_store,https://www.depop.com/annstr12/
@str8juggin100k,799 ,114,58 ,4.1,,https://www.depop.com/str8juggin100k/
@maxosully,458 ,114,107 ,4.95,,https://www.depop.com/maxosully/
@inq,317 ,114,68 ,5,,https://www.depop.com/inq/
@bmollanji,94 ,114,70 ,5,,https://www.depop.com/bmollanji/
@tombowley288,"1,607 ",113 ,41 ,4.95,https://instagram.com/ingoodtime.store?utm_medium=copy_link,https://www.depop.com/tombowley288/
@andyross_,66 ,113,37 ,4.6,,https://www.depop.com/andyross_/
@snkrfiend,"1,110 ",112 ,40 ,5,,https://www.depop.com/snkrfiend/
@laceddown,704 ,112,92 ,5,,https://www.depop.com/laceddown/
@onyxarchivee,"1,262 ",111 ,47 ,5,https://www.onyxarchive.com,https://www.depop.com/onyxarchivee/
@smokfits,328 ,111,52 ,5,,https://www.depop.com/smokfits/
@jksports,120 ,111,52 ,5,https://ebay.co.uk/usr/jksports,https://www.depop.com/jksports/
@elliott_robo,270 ,110,52 ,4.15,,https://www.depop.com/elliott_robo/
@origamin73,139 ,109,32 ,4.9,,https://www.depop.com/origamin73/
@jdfdepop,88 ,108,43 ,5,,https://www.depop.com/jdfdepop/
@cmoz95,173 ,107,52 ,4.9,,https://www.depop.com/cmoz95/
@bloor,488 ,106,57 ,5,https://instagram.com/blo.oor?igshid=OGQ5ZDc2ODk2ZA==,https://www.depop.com/bloor/
@jacklofthouse99,123 ,106,89 ,5,,https://www.depop.com/jacklofthouse99/
@bushybroweth,100 ,106,35 ,4.95,,https://www.depop.com/bushybroweth/
@thestashuk,530 ,104,48 ,5,https://thestash.uk,https://www.depop.com/thestashuk/
@reubencb,237 ,103,39 ,5,,https://www.depop.com/reubencb/
@1nerz,191 ,103,107 ,5,,https://www.depop.com/1nerz/
@luwilarchive,"1,365 ",102 ,48 ,4.9,,https://www.depop.com/luwilarchive/
@cxgoods,120 ,102,132 ,5,,https://www.depop.com/cxgoods/
@justcallmeloz,576 ,101,45 ,4.9,,https://www.depop.com/justcallmeloz/
@best_deals_on_depop,179 ,100,79 ,4.7,https://Instagram.com/chris_lammas,https://www.depop.com/best_deals_on_depop/
@michaeljackmcdonald,161 ,100,54 ,4.95,https://www.instagram.com/michael_jack_mcdonald/,https://www.depop.com/michaeljackmcdonald/
@yeahyeahh,200 ,99,35 ,4.9,,https://www.depop.com/yeahyeahh/
@lo4,97 ,99,61 ,5,,https://www.depop.com/lo4/
@_rackzo,273 ,98,62 ,5,https://instagram.com/rackzos_sneakers,https://www.depop.com/_rackzo/
@jspatch,145 ,97,68 ,5,,https://www.depop.com/jspatch/
@dscartel,944 ,96 ,80 ,5,https://www.instagram.com/ds.cartel/,https://www.depop.com/dscartel/
@janeylayd,898 ,96 ,49 ,4.7,,https://www.depop.com/janeylayd/
@harryselbs,470 ,96,88 ,5,https://instagram.com/harryselby_,https://www.depop.com/harryselbs/
@ohlclothing,387 ,96,50 ,5,https://www.instagram.com/ollylaidlaw/,https://www.depop.com/ohlclothing/
@fazeaubrey,464 ,95,60 ,5,,https://www.depop.com/fazeaubrey/
@eyydiablo,334 ,95,102 ,5,,https://www.depop.com/eyydiablo/
@joereid2001,"1,961 ",93 ,46 ,4.9,,https://www.depop.com/joereid2001/
@notyet1987,199 ,92,60 ,5,,https://www.depop.com/notyet1987/
@jolyonhill,171 ,92,59 ,4.8,,https://www.depop.com/jolyonhill/
@jayfoam,102 ,92,52 ,5,,https://www.depop.com/jayfoam/
@kaylaxking,786 ,91,78 ,5,,https://www.depop.com/kaylaxking/
@jsutherland15,212 ,90,59 ,5,,https://www.depop.com/jsutherland15/
@tomskicks23,129 ,90,88 ,4.4,,https://www.depop.com/tomskicks23/
@samsstreetwear1,156 ,89,32 ,4.95,,https://www.depop.com/samsstreetwear1/
@lbrnasib,121 ,89,41 ,5,,https://www.depop.com/lbrnasib/
@ukkicks2,"1,439 ",88 ,69 ,5,,https://www.depop.com/ukkicks2/
@straightouttashibuya,87 ,88,51 ,5,,https://www.depop.com/straightouttashibuya/
@allsourced,"8,277 ",87 ,37 ,4.9,,https://www.depop.com/allsourced/
@madvillain,"2,003 ",87 ,70 ,4.9,,https://www.depop.com/madvillain/
@tealni,843 ,84,42 ,4.85,,https://www.depop.com/tealni/
@harroldbog,291 ,84,49 ,4.6,,https://www.depop.com/harroldbog/
@louiesgarms,226 ,84,74 ,4.95,,https://www.depop.com/louiesgarms/
@alonetopieces,867 ,83,36 ,5,https://instagram.com/alone.to.pieces,https://www.depop.com/alonetopieces/
@millswardrobex,596 ,83,38 ,4.65,,https://www.depop.com/millswardrobex/
@andywest,427 ,83,68 ,4.8,,https://www.depop.com/andywest/
@stebb_j,112 ,83,76 ,5,,https://www.depop.com/stebb_j/
@rhodriadamson9,98 ,83,46 ,4.95,,https://www.depop.com/rhodriadamson9/
@snides,925 ,82 ,39 ,5,,https://www.depop.com/snides/
@jmh27,670 ,82,66 ,4.95,,https://www.depop.com/jmh27/
@elliottlea,383 ,82,66 ,5,,https://www.depop.com/elliottlea/
@garmdndangerous,250 ,81,42 ,4.65,,https://www.depop.com/garmdndangerous/
@oware395,170 ,81,52 ,5,https://@customsbyvett,https://www.depop.com/oware395/
@jerseycenter,147 ,81,20 ,5,,https://www.depop.com/jerseycenter/
@navresells,391 ,80,45 ,5,https://instagram.com/navresells_?igshid=OGQ5ZDc2ODk2ZA==,https://www.depop.com/navresells/
@kylealexanderwilson,161 ,80,61 ,5,,https://www.depop.com/kylealexanderwilson/
@dianaperova,687 ,79,34 ,5,https://www.instagram.com/diane.perova/,https://www.depop.com/dianaperova/
@rachgill96,59 ,79,39 ,5,https://instagram.com/rachgill96,https://www.depop.com/rachgill96/
@djkaizen,108 ,77,61 ,4.95,https://www.mixcloud.com/iainjames/stayin-high/,https://www.depop.com/djkaizen/
@stephenstephen14,100 ,77,52 ,5,,https://www.depop.com/stephenstephen14/
@swanngg,77 ,77,44 ,4.85,,https://www.depop.com/swanngg/
@e5garms,"1,585 ",76 ,64 ,5,,https://www.depop.com/e5garms/
@bootroomxi,"2,458 ",75 ,46 ,5,https://www.instagram.com/bootroomxi/,https://www.depop.com/bootroomxi/
@sneakerscommerce,991 ,75 ,18 ,5,https://www.instagram.com/sneakerscommerce,https://www.depop.com/sneakerscommerce/
@lxxix,348 ,75,42 ,4.75,,https://www.depop.com/lxxix/
@tomgold,"2,309 ",74 ,55 ,4.6,,https://www.depop.com/tomgold/
@edblake,389 ,74,43 ,5,,https://www.depop.com/edblake/
@mcsneaks,"1,137 ",73 ,37 ,4.7,,https://www.depop.com/mcsneaks/
@cjbclothes,777 ,72,34 ,4.95,,https://www.depop.com/cjbclothes/
@babayale,547 ,72,54 ,4.9,,https://www.depop.com/babayale/
@jaybrown93,440 ,72,36 ,5,,https://www.depop.com/jaybrown93/
@tysonswardrobe,80 ,72,34 ,5,,https://www.depop.com/tysonswardrobe/
@hypesupplyuk_outlet,60 ,72,26 ,4.95,https://instagram.com/hypesupplyuk?igshid=MjEwN2IyYWYwYw==,https://www.depop.com/hypesupplyuk_outlet/
@munem,52 ,72,27 ,3.8,https://instagram.com/mvnem_,https://www.depop.com/munem/
@lewisthurlbourne,528 ,70,72 ,5,https://instagram.com/lewisthurlbourne,https://www.depop.com/lewisthurlbourne/
@garmsoclock1,488 ,70,37 ,4.95,https://instagram.com/garmsoclock?igshid=MjEwN2IyYWYwYw==,https://www.depop.com/garmsoclock1/
@maxhh,100 ,70,35 ,5,,https://www.depop.com/maxhh/
@cupidlovedeluxe,566 ,69,24 ,5,,https://www.depop.com/cupidlovedeluxe/
@ninachan,437 ,69,29 ,5,,https://www.depop.com/ninachan/
@jxssicatang,220 ,68,40 ,5,,https://www.depop.com/jxssicatang/
@alexhg12,162 ,68,39 ,5,,https://www.depop.com/alexhg12/
@tellecity,125 ,68,25 ,5,https://instagram.com/martellemclemore,https://www.depop.com/tellecity/
@theostephensonn,116 ,68,15 ,5,,https://www.depop.com/theostephensonn/
@robbiejjones95,27 ,68,13 ,4,,https://www.depop.com/robbiejjones95/
@jonnyashworth,639 ,66,44 ,5,https://instagram.com/jonny_ashworth,https://www.depop.com/jonnyashworth/
@retroboomin1,199 ,66,30 ,4.95,,https://www.depop.com/retroboomin1/
@mvttwvrd,60 ,66,78 ,5,,https://www.depop.com/mvttwvrd/
@dlb994,46 ,65,19 ,4.777777778,,https://www.depop.com/dlb994/
@megwhite,177 ,64,50 ,5,https://www.instagram.com/megwhitexo,https://www.depop.com/megwhite/
@scottclarke10,659 ,63,55 ,4.95,,https://www.depop.com/scottclarke10/
@ellensmith_,327 ,63,62 ,5,,https://www.depop.com/ellensmith_/
@adeg07,69 ,63,25 ,5,,https://www.depop.com/adeg07/
@katieb_1,223 ,62,47 ,5,,https://www.depop.com/katieb_1/
@ragugarms,196 ,62,24 ,4.95,,https://www.depop.com/ragugarms/
@liamhomer95,135 ,62,27 ,4.6,,https://www.depop.com/liamhomer95/
@shopmb,37 ,62,17 ,4.666666667,,https://www.depop.com/shopmb/
@razorramon,381 ,61,43 ,5,,https://www.depop.com/razorramon/
@sianelias123,175 ,60,37 ,5,,https://www.depop.com/sianelias123/
@leeanderson93,172 ,60,49 ,5,,https://www.depop.com/leeanderson93/
@blakeywithers,63 ,60,35 ,5,,https://www.depop.com/blakeywithers/
@dripc7,53 ,60,21 ,4.7,,https://www.depop.com/dripc7/
@mitch1508,511 ,59,36 ,4.95,,https://www.depop.com/mitch1508/
@strattonldn,"1,478 ",58 ,86 ,5,,https://www.depop.com/strattonldn/
@jadem30,451 ,57,43 ,4.95,,https://www.depop.com/jadem30/
@kamil42,242 ,57,52 ,5,,https://www.depop.com/kamil42/
@liamrob96,113 ,57,39 ,4.8,,https://www.depop.com/liamrob96/
@yyykrashed,189 ,56,34 ,5,,https://www.depop.com/yyykrashed/
@lucyroberrts,"1,144 ",55 ,47 ,4.2,,https://www.depop.com/lucyroberrts/
@helveticanew,386 ,55,38 ,5,,https://www.depop.com/helveticanew/
@shawnldnn,177 ,55,24 ,4.705882353,,https://www.depop.com/shawnldnn/
@jamielee699,38 ,55,1 ,1,,https://www.depop.com/jamielee699/
@kickzgaloreldn,"1,347 ",54 ,25 ,5,https://instagram.com/kickzgaloreldn,https://www.depop.com/kickzgaloreldn/
@swaggrey96,784 ,54,80 ,5,,https://www.depop.com/swaggrey96/
@jaaackmichaelr,468 ,54,35 ,5,,https://www.depop.com/jaaackmichaelr/
@1ucycbarker,356 ,54,50 ,5,,https://www.depop.com/1ucycbarker/
@irons93,167 ,54,50 ,5,,https://www.depop.com/irons93/
@facelessboxx,"2,599 ",53 ,27 ,5,https://instagram.com/facelessboxx,https://www.depop.com/facelessboxx/
@askflipz,382 ,53,46 ,5,,https://www.depop.com/askflipz/
@ry5,180 ,53,22 ,4.9,,https://www.depop.com/ry5/
@houseofsneakz,"2,897 ",52 ,54 ,4.6,https://www.instagram.com/houseofsneakz,https://www.depop.com/houseofsneakz/
@f132clothing,655 ,52,67 ,5,https://instagram.com/f32clothing,https://www.depop.com/f132clothing/
@wmurch97,225 ,52,17 ,5,,https://www.depop.com/wmurch97/
@ceretail,12 ,52,31 ,4.95,,https://www.depop.com/ceretail/
@aaron_,"2,702 ",51 ,28 ,4.95,,https://www.depop.com/aaron_/
@lukecrumpet,"1,050 ",51 ,26 ,5,https://www.lukecrump.com,https://www.depop.com/lukecrumpet/
@fawizium,477 ,51,53 ,5,,https://www.depop.com/fawizium/
@chqd,316 ,51,51 ,5,,https://www.depop.com/chqd/
@patconroy67,210 ,51,32 ,5,,https://www.depop.com/patconroy67/
@tm_trends,49 ,51,29 ,4.75,,https://www.depop.com/tm_trends/
@ivangrinio12,23 ,51,19 ,5,,https://www.depop.com/ivangrinio12/
@goose_garms,90 ,50,26 ,5,,https://www.depop.com/goose_garms/
@aarennn,203 ,49,18 ,4.666666667,,https://www.depop.com/aarennn/
@sachagalst,806 ,48,13 ,5,,https://www.depop.com/sachagalst/
@evanlynch_,343 ,48,35 ,5,,https://www.depop.com/evanlynch_/
@djjb64,86 ,48,19 ,4.411764706,,https://www.depop.com/djjb64/
@suppliedbyangel,"2,396 ",47 ,16 ,4.692307692,https://www.instagram.com/suppliedbyangel/,https://www.depop.com/suppliedbyangel/
@vintage_clothes147,723 ,47,25 ,5,,https://www.depop.com/vintage_clothes147/
@mhk2000,358 ,47,126 ,5,https://instagram.com/maxhknight,https://www.depop.com/mhk2000/
@callumpang,271 ,47,41 ,4.8,,https://www.depop.com/callumpang/
@tomusaki,185 ,47,50 ,5,,https://www.depop.com/tomusaki/
@alistairlw,165 ,47,30 ,5,,https://www.depop.com/alistairlw/
@s4m_8,91 ,47,17 ,4.6,,https://www.depop.com/s4m_8/
@bonfrank,39 ,47,53 ,4.95,,https://www.depop.com/bonfrank/
@qzguk,33 ,47,14 ,4.692307692,,https://www.depop.com/qzguk/
@imjustsellingx,29 ,47,4 ,5,,https://www.depop.com/imjustsellingx/
@freckcloth,207 ,46,76 ,4.95,,https://www.depop.com/freckcloth/
@joelhoult01,119 ,46,47 ,5,https://instagram.com/joelhoult01,https://www.depop.com/joelhoult01/
@jonnybroxup,59 ,46,20 ,4.95,,https://www.depop.com/jonnybroxup/
@jo1804,44 ,46,29 ,4.8,,https://www.depop.com/jo1804/
@pigeonlad,32 ,46,26 ,5,,https://www.depop.com/pigeonlad/
@savrajanand,23 ,46,29 ,5,,https://www.depop.com/savrajanand/
@sofiaferrara,289 ,45,29 ,5,,https://www.depop.com/sofiaferrara/
@tandemattire,102 ,45,15 ,5,,https://www.depop.com/tandemattire/
@enzoenzoenz,46 ,45,18 ,5,https://instagram.com/hanzglobel,https://www.depop.com/enzoenzoenz/
@dripplanet,46 ,45,11 ,4.636363636,,https://www.depop.com/dripplanet/
@10timlee,907 ,44 ,84 ,5,,https://www.depop.com/10timlee/
@lunalalax,426 ,44,37 ,5,,https://www.depop.com/lunalalax/
@jozef14,260 ,44,21 ,5,,https://www.depop.com/jozef14/
@luke_beattie,208 ,44,38 ,5,,https://www.depop.com/luke_beattie/
@leg0505,29 ,44,18 ,4.777777778,,https://www.depop.com/leg0505/
@_harveygrey,116 ,43,25 ,5,,https://www.depop.com/_harveygrey/
@jslick,47 ,43,18 ,5,,https://www.depop.com/jslick/
@cam0095,41 ,43,19 ,4.777777778,,https://www.depop.com/cam0095/
@habeebashur,184 ,42,33 ,5,,https://www.depop.com/habeebashur/
@hypesupplyeu,124 ,42,15 ,4.923076923,,https://www.depop.com/hypesupplyeu/
@davis_5,39 ,42,27 ,5,https://instagram.com/Stephendavison98,https://www.depop.com/davis_5/
@packingformars,7 ,42,8 ,5,,https://www.depop.com/packingformars/
@kazeem,"1,214 ",41 ,21 ,4.9375,,https://www.depop.com/kazeem/
@jeevan98,379 ,41,37 ,4.95,,https://www.depop.com/jeevan98/
@garmicity,263 ,41,25 ,5,,https://www.depop.com/garmicity/
@robertokhalif,69 ,41,35 ,4.7,,https://www.depop.com/robertokhalif/
@ljkix,21 ,41,20 ,5,,https://www.depop.com/ljkix/
@theselectivestudio,449 ,40,20 ,4.9,,https://www.depop.com/theselectivestudio/
@internetfamous,207 ,40,47 ,4.8,,https://www.depop.com/internetfamous/
@00billy00,88 ,40,34 ,5,,https://www.depop.com/00billy00/
@hollpatt,7 ,40,13 ,4.692307692,,https://www.depop.com/hollpatt/
@csourcedituk,311 ,39,37 ,4.75,https://instagram.com/c.sourcedit?igshid=MzRlODBiNWFlZA==,https://www.depop.com/csourcedituk/
@dylanbaileyfs,311 ,39,27 ,5,https://instagram.com/dylan_j_bailey,https://www.depop.com/dylanbaileyfs/
@brandzcg,46 ,39,26 ,5,https://www.brandzcg.com,https://www.depop.com/brandzcg/
@ags_kmv,980 ,38 ,70 ,5,,https://www.depop.com/ags_kmv/
@ollieblacc,235 ,38,35 ,5,https://instagram.com/ollieblackkk,https://www.depop.com/ollieblacc/
@jackal_london,105 ,38,20 ,5,https://www.instagram.com/jay.dbd,https://www.depop.com/jackal_london/
@izzyedmundss,53 ,38,26 ,5,,https://www.depop.com/izzyedmundss/
@sh4h,39 ,38,32 ,4.95,,https://www.depop.com/sh4h/
@extrahotsauce,34 ,38,20 ,5,,https://www.depop.com/extrahotsauce/
@nicolassanroman1,"1,687 ",37 ,20 ,4.95,https://ebay.co.uk/usr/nicsanr14,https://www.depop.com/nicolassanroman1/
@leebennett,563 ,37,25 ,5,,https://www.depop.com/leebennett/
@everythinggravy,314 ,37,21 ,5,,https://www.depop.com/everythinggravy/
@gibmeclothing,208 ,37,30 ,4.7,,https://www.depop.com/gibmeclothing/
@awmvintage,181 ,37,42 ,5,https://instagram.com/alyciahs.ipo,https://www.depop.com/awmvintage/
@markallen,134 ,37,32 ,4.95,,https://www.depop.com/markallen/
@davidob100,67 ,37,19 ,4.2,,https://www.depop.com/davidob100/
@lagnero,26 ,37,15 ,5,https://instagram.com/lagnero,https://www.depop.com/lagnero/
@scottkingman,260 ,36,23 ,5,,https://www.depop.com/scottkingman/
@mariiiii,"1,068 ",35 ,28 ,4.9,,https://www.depop.com/mariiiii/
@troys_stuff123,438 ,35,24 ,5,https://instagram.com/troy_n__,https://www.depop.com/troys_stuff123/
@ybnalex747,263 ,35,16 ,5,,https://www.depop.com/ybnalex747/
@olliemathie,163 ,35,43 ,5,,https://www.depop.com/olliemathie/
@samlinney,85 ,35,35 ,4.6,,https://www.depop.com/samlinney/
@lozzaxox,56 ,35,18 ,5,,https://www.depop.com/lozzaxox/
@dripsuppliers,"6,119 ",34 ,25 ,5,http://instagram.com/dripsuppliersuk,https://www.depop.com/dripsuppliers/
@riajames01,"1,420 ",34 ,20 ,5,,https://www.depop.com/riajames01/
@abiadeyemi,215 ,34,53 ,5,,https://www.depop.com/abiadeyemi/
@looselockah,63 ,34,12 ,5,,https://www.depop.com/looselockah/
@ummagumma07,803 ,33,33 ,5,,https://www.depop.com/ummagumma07/
@mikeyx,195 ,33,32 ,5,,https://www.depop.com/mikeyx/
@ellieirish,172 ,33,46 ,5,,https://www.depop.com/ellieirish/
@titomowillz,61 ,33,12 ,4.666666667,,https://www.depop.com/titomowillz/
@ljbdesigner,60 ,33,21 ,4.8,,https://www.depop.com/ljbdesigner/
@jblah34,26 ,33,20 ,5,https://instagram.com/everybodyknazthisisnaywhere,https://www.depop.com/jblah34/
@jjjjakee,15 ,33,10 ,5,,https://www.depop.com/jjjjakee/
@dunyawatanabe,282 ,32,9 ,5,https://instagram.com/dunya.watanabe,https://www.depop.com/dunyawatanabe/
@shayeexviii,237 ,32,21 ,5,,https://www.depop.com/shayeexviii/
@buythis999,137 ,32,13 ,4.230769231,,https://www.depop.com/buythis999/
@rrnelson5,93 ,32,30 ,5,,https://www.depop.com/rrnelson5/
@mastermind89,83 ,32,24 ,5,,https://www.depop.com/mastermind89/
@leonard23,52 ,32,23 ,5,,https://www.depop.com/leonard23/
@ajusnkrsltd,49 ,32,12 ,4.909090909,https://instagram.com/ajusnkrsltd,https://www.depop.com/ajusnkrsltd/
@siudragonfamily,24 ,32,13 ,5,,https://www.depop.com/siudragonfamily/
@adamapple96,341 ,31,70 ,4.75,,https://www.depop.com/adamapple96/
@requiredlabels,198 ,31,16 ,4.666666667,https://instagram.com/requiredlabels?igshid=MjEwN2IyYWYwYw==,https://www.depop.com/requiredlabels/
@btwoodman,73 ,31,29 ,5,,https://www.depop.com/btwoodman/
@tofe_d,50 ,31,26 ,4.85,https://instagram.com/tofe_d,https://www.depop.com/tofe_d/
@zmadd3n,214 ,30,20 ,5,,https://www.depop.com/zmadd3n/
@louisjjoyner,203 ,30,24 ,5,https://instagram.com/louisjjoyner,https://www.depop.com/louisjjoyner/
@eruption,190 ,30,20 ,4.736842105,,https://www.depop.com/eruption/
@connorstewart19,104 ,30,25 ,5,https://www.musescreative.art,https://www.depop.com/connorstewart19/
@owencxtley,78 ,30,12 ,4.6,,https://www.depop.com/owencxtley/
@fashionthing,49 ,30,18 ,5,,https://www.depop.com/fashionthing/
@personalshoppersldn,18 ,30,11 ,5,,https://www.depop.com/personalshoppersldn/
@guaracha,5 ,30,15 ,5,,https://www.depop.com/guaracha/
@matthewjackson16,391 ,29,48 ,5,,https://www.depop.com/matthewjackson16/
@elianne13,146 ,29,23 ,5,,https://www.depop.com/elianne13/
@s1rlou,82 ,29,8 ,5,,https://www.depop.com/s1rlou/
@coldestcrepsldn,77 ,29,5 ,5,,https://www.depop.com/coldestcrepsldn/
@youngcabra,68 ,29,7 ,4.857142857,,https://www.depop.com/youngcabra/
@tomi354,47 ,29,20 ,4.705882353,https://instagram.com/tomi_olo,https://www.depop.com/tomi354/
@rboyd,540 ,28,14 ,5,https://www.instagram.com/robboyd_/,https://www.depop.com/rboyd/
@sy_lee,179 ,28,19 ,5,https://s__younglee,https://www.depop.com/sy_lee/
@ifethevamp,172 ,28,7 ,4.428571429,,https://www.depop.com/ifethevamp/
@atterogarments,149 ,28,13 ,4.833333333,,https://www.depop.com/atterogarments/
@mulanshop,127 ,28,8 ,5,,https://www.depop.com/mulanshop/
@blxvke,72 ,28,30 ,5,,https://www.depop.com/blxvke/
@javiermk,51 ,28,24 ,4.9,,https://www.depop.com/javiermk/
@7yler_,51 ,28,9 ,5,,https://www.depop.com/7yler_/
@jp_79,29 ,28,16 ,5,,https://www.depop.com/jp_79/
@losangelesdrip,14 ,28,16 ,5,,https://www.depop.com/losangelesdrip/
@14flyy,249 ,27,10 ,4.7,https://www.instagram.com/1.4MY/,https://www.depop.com/14flyy/
@mcrstreetwear,141 ,27,8 ,5,,https://www.depop.com/mcrstreetwear/
@b3sells,99 ,27,13 ,5,,https://www.depop.com/b3sells/
@travpo,86 ,27,18 ,5,,https://www.depop.com/travpo/
@snkrfuel,42 ,27,9 ,5,,https://www.depop.com/snkrfuel/
@sabirarawat,290 ,26,36 ,4.95,,https://www.depop.com/sabirarawat/
@jjamesclaytonn,184 ,26,37 ,5,,https://www.depop.com/jjamesclaytonn/
@joetaylor25,163 ,26,15 ,5,,https://www.depop.com/joetaylor25/
@brinkk,119 ,26,12 ,5,,https://www.depop.com/brinkk/
@lukecom_07,93 ,26,17 ,5,https://instagram.com/luke_comiskeyy?igshid=YmMyMTA2M2Y=,https://www.depop.com/lukecom_07/
@harsh07,67 ,26,6 ,3.4,,https://www.depop.com/harsh07/
@ipaytowearcorporationslogos,56 ,26,9 ,4.444444444,,https://www.depop.com/ipaytowearcorporationslogos/
@vintstt,24 ,26,6 ,5,,https://www.depop.com/vintstt/
@teej25,296 ,25,29 ,5,,https://www.depop.com/teej25/
@luke_f92,134 ,25,89 ,5,,https://www.depop.com/luke_f92/
@willpopham,129 ,25,21 ,5,,https://www.depop.com/willpopham/
@thetntrader,127 ,25,7 ,5,,https://www.depop.com/thetntrader/
@attir33,45 ,25,4 ,5,,https://www.depop.com/attir33/
@leingaards,22 ,25,10 ,5,,https://www.depop.com/leingaards/
@garmzuk2023,18 ,25,12 ,4.454545455,,https://www.depop.com/garmzuk2023/
@tangoman11,14 ,25,18 ,5,,https://www.depop.com/tangoman11/
@remmie15,11 ,25,5 ,5,,https://www.depop.com/remmie15/
@abjji,10 ,25,11 ,5,,https://www.depop.com/abjji/
@rickyxbains,5 ,25,9 ,4.777777778,https:www.instagram.com/rickybains,https://www.depop.com/rickyxbains/
@finlaydw23,251 ,24,8 ,5,,https://www.depop.com/finlaydw23/
@frankforeman,176 ,24,23 ,4.6,,https://www.depop.com/frankforeman/
@lewismith,164 ,24,16 ,4.733333333,https://www.instagram.com/_lewismith/,https://www.depop.com/lewismith/
@wigglewigglewam,152 ,24,17 ,4.75,,https://www.depop.com/wigglewigglewam/
@bpsellsltd,80 ,24,6 ,5,https://www.instagram.com/bp_sells/,https://www.depop.com/bpsellsltd/
@matthewcullerton,48 ,24,17 ,4.352941176,,https://www.depop.com/matthewcullerton/
@ttocsdepop,270 ,23,16 ,4.75,,https://www.depop.com/ttocsdepop/
@willemlord,238 ,23,16 ,3.909090909,,https://www.depop.com/willemlord/
@theidoreshand,124 ,23,9 ,5,https://instagram.com/theodoreshand,https://www.depop.com/theidoreshand/
@m_p_20,63 ,23,12 ,5,,https://www.depop.com/m_p_20/
@decay3d,34 ,23,9 ,5,https://www.instagram.com/dec4y3d/,https://www.depop.com/decay3d/
@tom_gregg19,215 ,22,38 ,5,,https://www.depop.com/tom_gregg19/
@xlntdrip,186 ,22,18 ,4.933333333,,https://www.depop.com/xlntdrip/
@wills_0203,108 ,22,32 ,5,,https://www.depop.com/wills_0203/
@jackson11013,7 ,22,7 ,4.333333333,,https://www.depop.com/jackson11013/
@asourcedit77,1 ,22,2 ,5,,https://www.depop.com/asourcedit77/
@crepcheques21,"1,970 ",21 ,3 ,5,,https://www.depop.com/crepcheques21/
@solemerchantuk,"1,589 ",21 ,9 ,4.666666667,https://www.instagram.com/solemerchantuk/,https://www.depop.com/solemerchantuk/
@drancy93,"1,069 ",21 ,18 ,5,,https://www.depop.com/drancy93/
@samwright_06,783 ,21,14 ,5,https://instagram.com/kits.n.kicks,https://www.depop.com/samwright_06/
@diggad1011,553 ,21,15 ,3.583333333,https://Insta samclarke.x snap samclarke.x,https://www.depop.com/diggad1011/
@moos,197 ,21,23 ,5,,https://www.depop.com/moos/
@olliegee1,171 ,21,18 ,5,,https://www.depop.com/olliegee1/
@gofor4thelow,131 ,21,8 ,4.875,https://SaleUntil20th.co.uk,https://www.depop.com/gofor4thelow/
@harrybarker_,72 ,21,29 ,5,https://instagram.com/harrrybarker,https://www.depop.com/harrybarker_/
@maxigarments,55 ,21,7 ,5,,https://www.depop.com/maxigarments/
@carlahamilton1,456 ,20,21 ,5,,https://www.depop.com/carlahamilton1/
@alefergola,173 ,20,11 ,4.888888889,,https://www.depop.com/alefergola/
@olly_mul,134 ,20,41 ,5,https://olly_mul,https://www.depop.com/olly_mul/
@clint_122,76 ,20,11 ,4.857142857,https://instagram.com/,https://www.depop.com/clint_122/
@geo929,54 ,20,13 ,5,,https://www.depop.com/geo929/
@astarlux,50 ,20,10 ,5,,https://www.depop.com/astarlux/
@gbolzzy,47 ,20,12 ,5,,https://www.depop.com/gbolzzy/
@drip4less__,28 ,20,10 ,5,,https://www.depop.com/drip4less__/
@morganelrick22,19 ,20,7 ,4.333333333,,https://www.depop.com/morganelrick22/
@leitecarol,14 ,20,1 ,5,,https://www.depop.com/leitecarol/
@snkrsource,"1,994 ",19 ,20 ,5,https://www.instagram.com/snkr.source/,https://www.depop.com/snkrsource/
@olox_,"1,021 ",19 ,14 ,4.923076923,https://www.instagram.com/vad.o/,https://www.depop.com/olox_/
@edenzoin,650 ,19,13 ,5,,https://www.depop.com/edenzoin/
@jayfindz,167 ,19,10 ,5,,https://www.depop.com/jayfindz/
@rkid575,125 ,19,13 ,5,,https://www.depop.com/rkid575/
@rickylee1,96 ,19,16 ,5,https://instagram.com/rickyleerichards,https://www.depop.com/rickylee1/
@snkrhouse,57 ,19,6 ,5,,https://www.depop.com/snkrhouse/
@ldm96,57 ,19,14 ,4.909090909,,https://www.depop.com/ldm96/
@lupothewolf,40 ,19,12 ,5,,https://www.depop.com/lupothewolf/
@_domtaylor,26 ,19,11 ,5,,https://www.depop.com/_domtaylor/
@frankie_f11,9 ,19,8 ,5,,https://www.depop.com/frankie_f11/
@t9s6,5 ,19,15 ,5,,https://www.depop.com/t9s6/
@kicksium,"2,941 ",18 ,6 ,5,,https://www.depop.com/kicksium/
@jr_retros,461 ,18,8 ,4.428571429,,https://www.depop.com/jr_retros/
@cosimo_p,372 ,18,15 ,4.928571429,,https://www.depop.com/cosimo_p/
@haych188,130 ,18,9 ,5,,https://www.depop.com/haych188/
@jakeelener,85 ,18,32 ,5,,https://www.depop.com/jakeelener/
@freshprinceofnikeair,77 ,18,16 ,5,,https://www.depop.com/freshprinceofnikeair/
@zaramaee,70 ,18,5 ,5,,https://www.depop.com/zaramaee/
@creptherapy,61 ,18,12 ,5,,https://www.depop.com/creptherapy/
@lattice_,60 ,18,4 ,5,,https://www.depop.com/lattice_/
@abdul_a99,18 ,18,15 ,5,,https://www.depop.com/abdul_a99/
@lawrence61,10 ,18,1 ,1,,https://www.depop.com/lawrence61/
@itsceezle,538 ,17,33 ,4.7,,https://www.depop.com/itsceezle/
@ccjj99,296 ,17,27 ,4.3,,https://www.depop.com/ccjj99/
@lizzyliz1,121 ,17,10 ,5,,https://www.depop.com/lizzyliz1/
@brycesloot,92 ,17,12 ,4.9,,https://www.depop.com/brycesloot/
@mathew1106,76 ,17,16 ,5,,https://www.depop.com/mathew1106/
@maric01,45 ,17,15 ,5,,https://www.depop.com/maric01/
@viasenzafine,28 ,17,6 ,5,https://instagram.com/viasenzafine?igshid=OGQ5ZDc2ODk2ZA==,https://www.depop.com/viasenzafine/
@dannybarr,14 ,17,8 ,5,,https://www.depop.com/dannybarr/
@andxrsonnn,1 ,17,6 ,4.333333333,,https://www.depop.com/andxrsonnn/
@bitz4u,336 ,16,18 ,5,,https://www.depop.com/bitz4u/
@tungle,230 ,16,7 ,5,,https://www.depop.com/tungle/
@jamie_baird,10 ,16,10 ,4.4,,https://www.depop.com/jamie_baird/
@mattyws,575 ,15,5 ,5,,https://www.depop.com/mattyws/
@kier_oregan,303 ,15,15 ,5,,https://www.depop.com/kier_oregan/
@sean_mount,49 ,15,12 ,4.636363636,,https://www.depop.com/sean_mount/
@maxmorgann1,41 ,15,5 ,5,,https://www.depop.com/maxmorgann1/
@kevinlong11,39 ,15,7 ,5,,https://www.depop.com/kevinlong11/
@crepzndclothez,31 ,15,9 ,3.375,,https://www.depop.com/crepzndclothez/
@recalledgoods,28 ,15,5 ,5,,https://www.depop.com/recalledgoods/
@spot1,11 ,15,6 ,5,,https://www.depop.com/spot1/
@klamdk,4 ,15,8 ,5,,https://www.depop.com/klamdk/
@drip_markets,2 ,15,1 ,5,,https://www.depop.com/drip_markets/
@077wardrobe,1 ,15,2 ,3,,https://www.depop.com/077wardrobe/
@rsvzxn,392 ,14,3 ,5,,https://www.depop.com/rsvzxn/
@i6veletters,270 ,14,4 ,5,,https://www.depop.com/i6veletters/
@garforthsgarage,167 ,14,20 ,5,https://instagram.com/eddyharveyg,https://www.depop.com/garforthsgarage/
@smiff16,145 ,14,13 ,4.666666667,,https://www.depop.com/smiff16/
@jh337,105 ,14,9 ,5,,https://www.depop.com/jh337/
@nigoldn,90 ,14,4 ,5,,https://www.depop.com/nigoldn/
@cgclothing1,82 ,14,5 ,5,,https://www.depop.com/cgclothing1/
@fushas,21 ,14,2 ,1.5,,https://www.depop.com/fushas/
@tomatinho,12 ,14,4 ,4.75,,https://www.depop.com/tomatinho/
@affordablepricesforyou,11 ,14,4 ,5,https://instagram.com/a1.shadz,https://www.depop.com/affordablepricesforyou/
@dmcguigan1717,11 ,14,5 ,4.75,,https://www.depop.com/dmcguigan1717/
@size9official,"33,200 ",13 ,27 ,5,https://www.instagram.com/officialsize9,https://www.depop.com/size9official/
@rlineclothing,883 ,13,2 ,5,,https://www.depop.com/rlineclothing/
@ttt53,206 ,13,4 ,4.75,,https://www.depop.com/ttt53/
@maxwalker07,81 ,13,12 ,5,https://instagram.com/mmaxwalker,https://www.depop.com/maxwalker07/
@zaklawton17,67 ,13,20 ,4.615384615,,https://www.depop.com/zaklawton17/
@mehmet1453,60 ,13,8 ,5,,https://www.depop.com/mehmet1453/
@lcampbell34,59 ,13,15 ,3.909090909,,https://www.depop.com/lcampbell34/
@gregmac,46 ,13,4 ,5,,https://www.depop.com/gregmac/
@slavshoes,46 ,13,6 ,5,,https://www.depop.com/slavshoes/
@801emmanuel,25 ,13,10 ,5,,https://www.depop.com/801emmanuel/
@limitlessdrlp,23 ,13,7 ,5,,https://www.depop.com/limitlessdrlp/
@mxtch98,7 ,13,2 ,5,,https://www.depop.com/mxtch98/
@matteodiaf,230 ,12,11 ,5,,https://www.depop.com/matteodiaf/
@flexam,139 ,12,10 ,5,https://www.discogs.com/seller/flexam/profile,https://www.depop.com/flexam/
@isseylilac,138 ,12,11 ,4.8,,https://www.depop.com/isseylilac/
@nathan1999_,97 ,12,1 ,5,,https://www.depop.com/nathan1999_/
@rudges_garms07,74 ,12,7 ,5,,https://www.depop.com/rudges_garms07/
@swaglikeriri,73 ,12,14 ,4.714285714,,https://www.depop.com/swaglikeriri/
@hahijki,36 ,12,7 ,5,,https://www.depop.com/hahijki/
@suthers,32 ,12,11 ,4.636363636,,https://www.depop.com/suthers/
@highlanderkicks,30 ,12,7 ,5,,https://www.depop.com/highlanderkicks/
@selling4p,26 ,12,3 ,5,,https://www.depop.com/selling4p/
@nicoletaylor_2,25 ,12,4 ,5,,https://www.depop.com/nicoletaylor_2/
@luke_bej,9 ,12,4 ,3.666666667,,https://www.depop.com/luke_bej/
@kickheadquarters,798 ,11,21 ,4.764705882,https://instagram.com/kickheadquarters/,https://www.depop.com/kickheadquarters/
@100sales,291 ,11,10 ,5,http://ðŸ’¯%Ebay.rating/gumtree&ebay/11yrs+/SalePriceFINAL,https://www.depop.com/100sales/
@6palmmm,175 ,11,4 ,5,https://instagram.com/d.amzz1,https://www.depop.com/6palmmm/
@mdesigner11,127 ,11,2 ,5,,https://www.depop.com/mdesigner11/
@alexeijackson,121 ,11,4 ,5,https://instagram.com/alexei_jackson,https://www.depop.com/alexeijackson/
@rohannb_01,113 ,11,9 ,5,,https://www.depop.com/rohannb_01/
@dhagren,96 ,11,4 ,5,,https://www.depop.com/dhagren/
@evanwillmason,85 ,11,30 ,4.9,,https://www.depop.com/evanwillmason/
@stay_in_stock,69 ,11,1 ,0,https://www.instagram.com/stay_in_stock/,https://www.depop.com/stay_in_stock/
@_jimmylloyd_,63 ,11,13 ,4.625,,https://www.depop.com/_jimmylloyd_/
@kjxrvis,19 ,11,12 ,5,,https://www.depop.com/kjxrvis/
@luke_knight1,16 ,11,5 ,5,,https://www.depop.com/luke_knight1/
@des77,9 ,11,7 ,5,,https://www.depop.com/des77/
@jakebuhagiar,124 ,10,18 ,5,,https://www.depop.com/jakebuhagiar/
@samwilcock11,60 ,10,12 ,5,,https://www.depop.com/samwilcock11/
@fcleary15,52 ,10,2 ,5,,https://www.depop.com/fcleary15/
@shaahhzjsbsb,48 ,10,5 ,4.2,,https://www.depop.com/shaahhzjsbsb/
@lusso18,43 ,10,6 ,5,,https://www.depop.com/lusso18/
@uptown_retro,35 ,10,8 ,5,,https://www.depop.com/uptown_retro/
@mojamz18,30 ,10,8 ,5,,https://www.depop.com/mojamz18/
@iams0sa,16 ,10,6 ,5,,https://www.depop.com/iams0sa/
@tdnarbmer,14 ,10,15 ,5,,https://www.depop.com/tdnarbmer/
@aidan_maxwell,527 ,9,16 ,5,,https://www.depop.com/aidan_maxwell/
@cwistianbalexxx,159 ,9,15 ,4.928571429,,https://www.depop.com/cwistianbalexxx/
@hartleyconnell,158 ,9,14 ,4.333333333,,https://www.depop.com/hartleyconnell/
@cdotfundz,120 ,9,3 ,4.666666667,,https://www.depop.com/cdotfundz/
@raulshopsss,104 ,9,11 ,5,,https://www.depop.com/raulshopsss/
@chrmhrtz,97 ,9,2 ,5,,https://www.depop.com/chrmhrtz/
@calnew1,88 ,9,17 ,5,https://instagram.com/callum.new1,https://www.depop.com/calnew1/
@danielraiii,67 ,9,8 ,5,,https://www.depop.com/danielraiii/
@luke_287,62 ,9,2 ,5,,https://www.depop.com/luke_287/
@joesmith7,19 ,9,8 ,5,,https://www.depop.com/joesmith7/
@mrexclusives1,17 ,9,2 ,3,,https://www.depop.com/mrexclusives1/
@10mab01,8 ,9,1 ,5,,https://www.depop.com/10mab01/
@gregorygriffiths,1 ,9,3 ,5,,https://www.depop.com/gregorygriffiths/
@drstvintage,901 ,8 ,9 ,5,,https://www.depop.com/drstvintage/
@rscan123,366 ,8,1 ,5,,https://www.depop.com/rscan123/
@uk10shoes,245 ,8,4 ,5,https://www.instagram.com/chris_horscroft,https://www.depop.com/uk10shoes/
@jaime_pt,102 ,8,12 ,5,,https://www.depop.com/jaime_pt/
@jshep1919,100 ,8,1 ,5,,https://www.depop.com/jshep1919/
@whosjakeshark,85 ,8,5 ,5,https://instagram.com/,https://www.depop.com/whosjakeshark/
@simm_stewart,79 ,8,4 ,5,,https://www.depop.com/simm_stewart/
@cocapopss,57 ,8,11 ,4.7,,https://www.depop.com/cocapopss/
@axmun,54 ,8,5 ,5,,https://www.depop.com/axmun/
@jordanp_69,53 ,8,7 ,5,,https://www.depop.com/jordanp_69/
@alex_wisbey,39 ,8,9 ,5,,https://www.depop.com/alex_wisbey/
@udoneknow,7 ,8,3 ,5,,https://www.depop.com/udoneknow/
@lhantom,6 ,8,3 ,5,,https://www.depop.com/lhantom/
@trueshoes,343 ,7,2 ,3,,https://www.depop.com/trueshoes/
@rafapm92,338 ,7,8 ,5,,https://www.depop.com/rafapm92/
@dimonddripuk,222 ,7,6 ,5,https://instagram.com/diamonddrip_official?igshid=NGVhN2U2NjQ0Yg==,https://www.depop.com/dimonddripuk/
@lowmileagefootwear,57 ,7,5 ,4.75,https://instagram.com/lowmileagefootwear?igshid=YmMyMTA2M2Y=,https://www.depop.com/lowmileagefootwear/
@yourfitstore,42 ,7,9 ,5,,https://www.depop.com/yourfitstore/
@littlegerrygarms,29 ,7,6 ,5,,https://www.depop.com/littlegerrygarms/
@voq3i,28 ,7,5 ,5,,https://www.depop.com/voq3i/
@kingsclo,22 ,7,-,0,,https://www.depop.com/kingsclo/
@dig98,21 ,7,18 ,5,,https://www.depop.com/dig98/
@hjr1997,4 ,7,2 ,5,,https://www.depop.com/hjr1997/
@elkach,3 ,7,-,0,,https://www.depop.com/elkach/
@playbt,2 ,7,-,0,,https://www.depop.com/playbt/
@s_ammh,271 ,6,17 ,5,https://instagram.com/samm.ppt,https://www.depop.com/s_ammh/
@klb7,157 ,6,9 ,4.571428571,,https://www.depop.com/klb7/
@foregone,138 ,6,38 ,5,,https://www.depop.com/foregone/
@nexcyia,127 ,6,1 ,5,,https://www.depop.com/nexcyia/
@seb1509,60 ,6,13 ,4.428571429,,https://www.depop.com/seb1509/
@parvlo_eshcobar,55 ,6,5 ,5,,https://www.depop.com/parvlo_eshcobar/
@kackin,54 ,6,6 ,5,,https://www.depop.com/kackin/
@creppusherr,47 ,6,3 ,5,,https://www.depop.com/creppusherr/
@kgarmz__,29 ,6,6 ,5,,https://www.depop.com/kgarmz__/
@louiswyz,24 ,6,7 ,5,,https://www.depop.com/louiswyz/
@888yabooti,18 ,6,2 ,5,,https://www.depop.com/888yabooti/
@oohbeez,14 ,6,2 ,5,,https://www.depop.com/oohbeez/
@ohipwell,8 ,6,4 ,5,,https://www.depop.com/ohipwell/
@e_tcy,7 ,6,1 ,5,,https://www.depop.com/e_tcy/
@eghosa23,7 ,6,2 ,1,,https://www.depop.com/eghosa23/
@gmurch,7 ,6,1 ,0,,https://www.depop.com/gmurch/
@garms_collective,6 ,6,2 ,5,https://instagram.com/garms_collective?igshid=OGQ5ZDc2ODk2ZA==,https://www.depop.com/garms_collective/
@clothsman,3 ,6,1 ,5,,https://www.depop.com/clothsman/
@rfdab,2 ,6,2 ,5,https://instagram.com/el.rfd?igshid=NzZlODBkYWE4Ng==,https://www.depop.com/rfdab/
@dieselslave,888 ,,-,0,https://darinagarms.com,https://www.depop.com/dieselslave/
@frankzgaff,369 ,,1 ,5,,https://www.depop.com/frankzgaff/
@josh2244,363 ,,22 ,5,,https://www.depop.com/josh2244/
@erumscloset,262 ,,1 ,5,,https://www.depop.com/erumscloset/
@viciost,241 ,,9 ,4.5,,https://www.depop.com/viciost/
@svmia,228 ,,12 ,5,https://instagram.com/samias.meraki,https://www.depop.com/svmia/
@lukescupboard,180 ,,1 ,0,,https://www.depop.com/lukescupboard/
@faramenta,147 ,,20 ,5,,https://www.depop.com/faramenta/
@joselito_,138 ,,3 ,5,,https://www.depop.com/joselito_/
@fin_plug,132 ,,-,0,,https://www.depop.com/fin_plug/
@ryans7076,122 ,,15 ,5,,https://www.depop.com/ryans7076/
@thecrepdon,121 ,,2 ,0,,https://www.depop.com/thecrepdon/
@felixbaker,113 ,,9 ,5,https://instagram.com/felixjgbaker,https://www.depop.com/felixbaker/
@alex159,98 ,,10 ,5,,https://www.depop.com/alex159/
@bh12345,80 ,,2 ,5,,https://www.depop.com/bh12345/
@immenseorange,73 ,,1 ,5,,https://www.depop.com/immenseorange/
@maciumaciu,70 ,,23 ,5,,https://www.depop.com/maciumaciu/
@joefozzydepop,64 ,,10 ,4.8,,https://www.depop.com/joefozzydepop/
@henryt236,58 ,,-,0,,https://www.depop.com/henryt236/
@emilycarson7,56 ,,9 ,5,,https://www.depop.com/emilycarson7/
@jgray_,52 ,,-,0,https://instagram.com/joshgrayx,https://www.depop.com/jgray_/
@bedswebs,49 ,,2 ,5,,https://www.depop.com/bedswebs/
@slart,49 ,,1 ,0,,https://www.depop.com/slart/
@ddg19,48 ,,4 ,5,,https://www.depop.com/ddg19/
@amnkhn,46 ,,1 ,5,,https://www.depop.com/amnkhn/
@haydensmith209,45 ,,-,0,,https://www.depop.com/haydensmith209/
@ang1340,45 ,,5 ,4.8,,https://www.depop.com/ang1340/
@dclockwood,43 ,,3 ,5,,https://www.depop.com/dclockwood/
@1suavo,40 ,,1 ,5,,https://www.depop.com/1suavo/
@jordancart,38 ,,1 ,5,,https://www.depop.com/jordancart/
@bigbaldmonkey,38 ,,2 ,5,,https://www.depop.com/bigbaldmonkey/
@herq123,37 ,,6 ,5,,https://www.depop.com/herq123/
@zonafy,37 ,,3 ,5,,https://www.depop.com/zonafy/
@chesc0,32 ,,2 ,5,,https://www.depop.com/chesc0/
@asia16a,31 ,,3 ,5,,https://www.depop.com/asia16a/
@mahon_,27 ,,6 ,5,,https://www.depop.com/mahon_/
@gc99_,24 ,,4 ,3.5,,https://www.depop.com/gc99_/
@dripdolo05,23 ,,-,0,https://www.instagram.com/lukebeige01/,https://www.depop.com/dripdolo05/
@jjmacd7,23 ,,13 ,5,https://instagram.com/jjmacd7,https://www.depop.com/jjmacd7/
@seanx666,21 ,,2 ,5,,https://www.depop.com/seanx666/
@provocative801,19 ,,-,0,,https://www.depop.com/provocative801/
@saintstre,19 ,,1 ,5,,https://www.depop.com/saintstre/
@sweatpress,18 ,,7 ,5,,https://www.depop.com/sweatpress/
@danielgilbert_,17 ,,-,0,,https://www.depop.com/danielgilbert_/
@andrewjwj,17 ,,1 ,5,,https://www.depop.com/andrewjwj/
@clothingplugukk,16 ,,-,0,,https://www.depop.com/clothingplugukk/
@joseph_j970,16 ,,3 ,5,,https://www.depop.com/joseph_j970/
@daimes,16 ,,4 ,5,,https://www.depop.com/daimes/
@bilalahmed1011,15 ,,3 ,5,,https://www.depop.com/bilalahmed1011/
@t3_lavish,15 ,,3 ,5,,https://www.depop.com/t3_lavish/
@mjclothingplug,14 ,,-,0,,https://www.depop.com/mjclothingplug/
@loganlester8,13 ,,2 ,5,,https://www.depop.com/loganlester8/
@lewisgard,12 ,,3 ,5,,https://www.depop.com/lewisgard/
@smartyy96,11 ,,2 ,4.5,,https://www.depop.com/smartyy96/
@yoshi_garmz,11 ,,-,0,,https://www.depop.com/yoshi_garmz/
@1hyrone,9 ,,-,0,,https://www.depop.com/1hyrone/
@carharttclothing,9 ,,2 ,5,,https://www.depop.com/carharttclothing/
@lewisclothing,9 ,,3 ,5,,https://www.depop.com/lewisclothing/
@monzobby,8 ,,1 ,1,,https://www.depop.com/monzobby/
@fuegos_closet,8 ,,2 ,5,,https://www.depop.com/fuegos_closet/
@brittonsam,8 ,,-,0,,https://www.depop.com/brittonsam/
@garthcrooks,8 ,,3 ,3.666666667,,https://www.depop.com/garthcrooks/
@matthewheathcote1,8 ,,6 ,4.2,,https://www.depop.com/matthewheathcote1/
@senamdz,7 ,,3 ,3.666666667,,https://www.depop.com/senamdz/
@03billm,7 ,,6 ,5,,https://www.depop.com/03billm/
@elliscoker,7 ,,2 ,5,,https://www.depop.com/elliscoker/
@rayo0o,7 ,,3 ,5,,https://www.depop.com/rayo0o/
@archiespencer6,6 ,,1 ,5,,https://www.depop.com/archiespencer6/
@danielclark2006,6 ,,1 ,1,,https://www.depop.com/danielclark2006/
@sj_garms77,6 ,,-,0,,https://www.depop.com/sj_garms77/
@_741145,5 ,,1 ,5,,https://www.depop.com/_741145/
@lob_dsign,5 ,,-,0,,https://www.depop.com/lob_dsign/
@gianniamosu,5 ,,3 ,5,,https://www.depop.com/gianniamosu/
@ciaranhotchkies67,5 ,,2 ,5,,https://www.depop.com/ciaranhotchkies67/
@merik294,5 ,,-,0,,https://www.depop.com/merik294/
@baszottos,5 ,,-,0,https://instagram.com/,https://www.depop.com/baszottos/
@ecox1878,5 ,,2 ,5,,https://www.depop.com/ecox1878/
@manueljunior,4 ,,18 ,5,,https://www.depop.com/manueljunior/
@losu11,4 ,,7 ,5,,https://www.depop.com/losu11/
@camreid,4 ,,-,0,,https://www.depop.com/camreid/
@cameronprayag,4 ,,1 ,5,,https://www.depop.com/cameronprayag/
@samuellessani,4 ,,-,0,,https://www.depop.com/samuellessani/
@jagutter,4 ,,2 ,5,,https://www.depop.com/jagutter/
@flight_apparel,4 ,,-,0,,https://www.depop.com/flight_apparel/
@nmak2003,4 ,,1 ,5,,https://www.depop.com/nmak2003/
@willcch,4 ,,1 ,5,,https://www.depop.com/willcch/
@deadstocktrainersuk,4 ,,3 ,5,,https://www.depop.com/deadstocktrainersuk/
@stephzolo1,4 ,,-,0,https://instagram.com/stephzolo,https://www.depop.com/stephzolo1/
@_ls,3 ,,-,0,,https://www.depop.com/_ls/
@drippa2plug,3 ,,1 ,1,,https://www.depop.com/drippa2plug/
@clothertho,3 ,,2 ,0,,https://www.depop.com/clothertho/
@stackchase23,3 ,,-,0,,https://www.depop.com/stackchase23/
@lickiiludo,3 ,,-,0,,https://www.depop.com/lickiiludo/
@jame_k2214,2 ,,-,0,,https://www.depop.com/jame_k2214/
@whoslp,2 ,,3 ,3.666666667,,https://www.depop.com/whoslp/
@not_mizzyy,2 ,,-,0,,https://www.depop.com/not_mizzyy/
@dxnielm,2 ,,1 ,5,,https://www.depop.com/dxnielm/
@jamesdriver,2 ,,-,0,,https://www.depop.com/jamesdriver/
@winstonsells_1,2 ,,-,0,,https://www.depop.com/winstonsells_1/
@musajafar,1 ,,-,0,,https://www.depop.com/musajafar/
@cgilroy10,1 ,,2 ,5,,https://www.depop.com/cgilroy10/
@dpccpd,1 ,,1 ,5,,https://www.depop.com/dpccpd/
@peterbur,1 ,,1 ,0,,https://www.depop.com/peterbur/
@ethan8wood,1 ,,-,0,,https://www.depop.com/ethan8wood/
@swiftinho,1 ,,-,0,,https://www.depop.com/swiftinho/
@g_xyzz,1 ,,-,0,,https://www.depop.com/g_xyzz/
@essntlattire,1 ,,1 ,5,,https://www.depop.com/essntlattire/
@kieronarmyy,1 ,,-,0,,https://www.depop.com/kieronarmyy/
@david998,1 ,,-,0,,https://www.depop.com/david998/
@jajathediscount,1 ,,1 ,5,,https://www.depop.com/jajathediscount/
@theonewhosellsthings,1 ,,-,0,,https://www.depop.com/theonewhosellsthings/
@nightowl6,-,,-,0,,https://www.depop.com/nightowl6/
@r7okx,-,,1 ,5,,https://www.depop.com/r7okx/
@_hhaigh,-,,-,0,,https://www.depop.com/_hhaigh/
@ricardo_goncalves,-,,1 ,5,,https://www.depop.com/ricardo_goncalves/
@ckickz11,-,,-,0,,https://www.depop.com/ckickz11/
@tb_threads,-,,1 ,5,,https://www.depop.com/tb_threads/
@tobyclarke_,-,,4 ,5,https://www.instagram.com/toby._clarke/,https://www.depop.com/tobyclarke_/
@ryanbyrne09,-,,1 ,5,,https://www.depop.com/ryanbyrne09/
@abrahamakpom,-,,-,0,,https://www.depop.com/abrahamakpom/
@likejewllery,-,,-,0,,https://www.depop.com/likejewllery/
@lukeb860,-,,-,0,,https://www.depop.com/lukeb860/
@fretty,-,,1 ,5,,https://www.depop.com/fretty/
